Submission ID,How many cups of coffee do you typically drink per day?,"In total, much money do you typically spend on coffee in a month?",cup_assumptions,spent_assumptions
Zd694B,3,>$100,3,150
QA5JYA,1,$40-$60,1,50
ylqbBg,2,$20-$40,2,30
YZzBdN,2,$40-$60,2,50
VZ17Z6,1,$20-$40,1,30
RzBeZj,More than 4,$40-$60,5,50
WApbkQ,2,$60-$80,2,70
0Ej0WA,2,>$100,2,150
9dJYlQ,2,$20-$40,2,30
bl41Zg,Less than 1,<$20,0,10
eBxG20,3,$20-$40,3,30
NAB2qB,2,$60-$80,2,70
RzBqoJ,2,$40-$60,2,50
5dqajd,More than 4,>$100,5,150
VZ1W0E,More than 4,>$100,5,150
NABN5G,More than 4,$40-$60,5,50
6dQY8o,2,>$100,2,150
WAp6va,More than 4,$60-$80,5,70
OABqQp,2,$20-$40,2,30
jB9r21,1,>$100,1,150
pLPYLE,2,$40-$60,2,50
g5NPxK,2,$40-$60,2,50
bl41kE,2,$80-$100,2,90
GrBO1z,2,$40-$60,2,50
xdN8Q9,2,$40-$60,2,50
vNx8Xv,1,$20-$40,1,30
dY2JPN,2,$20-$40,2,30
MAdjLE,2,>$100,2,150
6dQ6xo,3,$40-$60,3,50
7d97lZ,2,>$100,2,150
0EjqPQ,3,$40-$60,3,50
BGbJD4,1,$20-$40,1,30
9dJYbp,3,$20-$40,3,30
xdNbJ9,1,$20-$40,1,30
pLPNQJ,1,$40-$60,1,50
AlbMLW,2,$80-$100,2,90
EPboPq,3,>$100,3,150
ylq8yW,3,$20-$40,3,30
J2kEDz,1,$20-$40,1,30
24x9Lg,2,$20-$40,2,30
0EjYb6,3,>$100,3,150
ZdRb6a,2,$20-$40,2,30
WApbdP,3,$20-$40,3,30
24xY69,2,$20-$40,2,30
RzBqWd,1,$40-$60,1,50
RzBqLv,More than 4,$40-$60,5,50
oAV8d5,3,$40-$60,3,50
oAV8OM,2,$60-$80,2,70
AlbYyW,1,$20-$40,1,30
KMB4kk,1,$60-$80,1,70
42N0Kd,2,$60-$80,2,70
0Ej0VZ,1,<$20,1,10
rlrQQo,1,$20-$40,1,30
vNx84X,2,$40-$60,2,50
OABxLk,1,$60-$80,1,70
MAd2V0,1,<$20,1,10
8dpbGk,2,$80-$100,2,90
zKQ8ja,1,$20-$40,1,30
YZzBLJ,1,$60-$80,1,70
QABNdl,3,$40-$60,3,50
8dpbko,2,>$100,2,150
XeB6Ee,4,$80-$100,4,90
KMBroK,Less than 1,<$20,0,10
24x9rg,1,$20-$40,1,30
dY2JjD,2,$20-$40,2,30
LdMjyz,1,$20-$40,1,30
9dJYM1,4,$40-$60,4,50
kYR4rj,2,$20-$40,2,30
pLPN7q,1,$40-$60,1,50
6dQ0eO,Less than 1,<$20,0,10
42NlLd,2,$20-$40,2,30
LdMxaj,2,$60-$80,2,70
BGbJZ4,2,$60-$80,2,70
J2kER7,2,$20-$40,2,30
eBxgQO,Less than 1,<$20,0,10
J2kELz,2,$20-$40,2,30
LdMjqJ,More than 4,>$100,5,150
oAVNeM,3,$20-$40,3,30
oAVZ95,2,$40-$60,2,50
eBxGvE,More than 4,$60-$80,5,70
g5NPYO,3,$40-$60,3,50
xdNbxo,2,$20-$40,2,30
zKQ8ZZ,3,$60-$80,3,70
rlrQxl,2,$20-$40,2,30
VZ1W8N,2,$40-$60,2,50
WAp6PN,2,$20-$40,2,30
DVvo9l,3,$40-$60,3,50
ylqAdB,More than 4,$40-$60,5,50
EPbo0L,More than 4,$80-$100,5,90
ylqAY6,1,$20-$40,1,30
AlbR7B,3,$40-$60,3,50
EPbVxA,Less than 1,$40-$60,0,50
BGboo4,2,$60-$80,2,70
dY2GGD,Less than 1,<$20,0,10
oAV8o5,2,$40-$60,2,50
WApa9N,Less than 1,<$20,0,10
BGbJE5,Less than 1,<$20,0,10
0EjzA9,2,$40-$60,2,50
vNx6YX,2,$20-$40,2,30
WApaAQ,2,$40-$60,2,50
J2krZX,3,$40-$60,3,50
oAVN6V,2,$40-$60,2,50
VZ1WVN,Less than 1,<$20,0,10
42Nlko,2,$40-$60,2,50
RzBq4P,Less than 1,$20-$40,0,30
1r2QM4,1,<$20,1,10
LdM4d2,2,<$20,2,10
42N0dB,3,$20-$40,3,30
jB98M9,2,$40-$60,2,50
1r205O,1,$20-$40,1,30
5dq0yE,3,$20-$40,3,30
YZzb4N,1,$40-$60,1,50
QABq7Y,1,$40-$60,1,50
PABQDd,1,$20-$40,1,30
9dJY7E,2,$20-$40,2,30
24xYgM,1,$40-$60,1,50
KMB25K,2,$20-$40,2,30
GrBEvo,3,$40-$60,3,50
rlrQrv,2,$60-$80,2,70
LdMxpz,2,$60-$80,2,70
ZdRblA,2,$20-$40,2,30
bl4My7,3,$40-$60,3,50
XeB72d,1,$20-$40,1,30
zKQBXq,2,<$20,2,10
rlr9Yv,2,$20-$40,2,30
dY2GNy,1,$20-$40,1,30
zKQA18,Less than 1,$40-$60,0,50
ZdRAAV,3,$20-$40,3,30
VZ17Ev,1,$40-$60,1,50
NAB2Ab,3,$40-$60,3,50
rlr9yM,3,$40-$60,3,50
5dqYbv,3,$60-$80,3,70
AlbRKW,1,$40-$60,1,50
ylqb6X,2,$20-$40,2,30
dY2oKz,1,$40-$60,1,50
oAVN61,2,$20-$40,2,30
rlr9yv,3,$40-$60,3,50
kYR4Nr,2,$20-$40,2,30
zKQ4kq,2,$20-$40,2,30
RzBeoP,2,$20-$40,2,30
24xYJL,1,<$20,1,10
ZdRAWA,4,$60-$80,4,70
rlr9OL,2,$40-$60,2,50
PABQdQ,4,$40-$60,4,50
1r20NQ,3,$40-$60,3,50
qbEqj2,2,$20-$40,2,30
g5NV9P,2,$20-$40,2,30
42NY8Y,1,<$20,1,10
GrBVJp,1,$20-$40,1,30
7d90RL,2,$80-$100,2,90
lNl8WV,1,$20-$40,1,30
vNxaEA,2,$40-$60,2,50
0EjY5P,1,$20-$40,1,30
eBxO5q,Less than 1,<$20,0,10
lNlXyB,1,$20-$40,1,30
1r2Yx4,3,$40-$60,3,50
1r20WM,1,$20-$40,1,30
J2krad,2,$20-$40,2,30
DVvo05,2,$40-$60,2,50
VZ1aJj,1,$20-$40,1,30
aBrJxZ,1,<$20,1,10
9dJ0qG,1,$20-$40,1,30
PABN1x,3,$20-$40,3,30
8dpDDk,1,$80-$100,1,90
VZ1WYN,2,$20-$40,2,30
jB98WY,2,$20-$40,2,30
xdN8yk,More than 4,$40-$60,5,50
rlr8LX,1,$40-$60,1,50
GrBODO,More than 4,$20-$40,5,30
7d97a0,1,$20-$40,1,30
WApale,1,$20-$40,1,30
oAV8dN,2,$40-$60,2,50
5dqaeZ,3,$80-$100,3,90
g5N8v4,2,$60-$80,2,70
oAV8lb,1,$40-$60,1,50
jB9871,2,$40-$60,2,50
9dJA2E,1,$20-$40,1,30
PABZBx,1,$20-$40,1,30
DVvRWR,1,$40-$60,1,50
dY2JDV,4,>$100,4,150
bl41Y1,1,<$20,1,10
rlr8vR,2,$80-$100,2,90
xdN89d,3,$40-$60,3,50
kYR8Jo,2,$80-$100,2,90
YZz7xW,1,$60-$80,1,70
rlr8k2,1,$20-$40,1,30
7d97ER,1,$20-$40,1,30
GrBOBO,2,$40-$60,2,50
42NlPr,3,$40-$60,3,50
XeB6OP,1,$40-$60,1,50
VZ1W4y,More than 4,>$100,5,150
kYR8ve,2,$20-$40,2,30
YZz7oN,2,$20-$40,2,30
OABxYM,2,$20-$40,2,30
xdN8lv,1,<$20,1,10
eBxgYk,1,$40-$60,1,50
RzBqj9,2,<$20,2,10
1r2QGg,2,$60-$80,2,70
MAdj6k,3,>$100,3,150
OABxER,1,$20-$40,1,30
BGbJ0K,2,$20-$40,2,30
qbE8jO,More than 4,$40-$60,5,50
kYR8ze,1,>$100,1,150
GrBODQ,More than 4,$20-$40,5,30
vNx8KD,2,$40-$60,2,50
oAV8VN,1,$20-$40,1,30
VZ1Wxg,2,$40-$60,2,50
24x9Oe,2,$40-$60,2,50
KMBrO8,1,$20-$40,1,30
WApa1v,1,$20-$40,1,30
bl41gL,1,<$20,1,10
EPbovB,1,$60-$80,1,70
ylq8e8,3,$20-$40,3,30
24x9ZL,2,>$100,2,150
MAdjGM,2,$20-$40,2,30
24x9Zj,1,$20-$40,1,30
rlr8kR,2,$40-$60,2,50
g5N8pl,2,$40-$60,2,50
rlr8qN,3,$20-$40,3,30
ylq87g,1,$20-$40,1,30
GrBO7Z,3,>$100,3,150
NAB2Rj,1,$20-$40,1,30
RzBqkj,2,$40-$60,2,50
xdN86r,1,$20-$40,1,30
9dJArQ,1,>$100,1,150
EPboa4,2,$80-$100,2,90
WApaQN,1,$20-$40,1,30
42NlN5,1,$20-$40,1,30
AlbM50,2,$40-$60,2,50
QABNap,2,<$20,2,10
dY2Jkd,1,$40-$60,1,50
RzBqr9,1,$40-$60,1,50
lNl89W,3,$80-$100,3,90
PABZGB,1,$80-$100,1,90
RzBqjj,1,$40-$60,1,50
LdM4ov,1,$20-$40,1,30
GrBO5k,2,$40-$60,2,50
ZdRbWo,2,$80-$100,2,90
AlbMQD,1,$20-$40,1,30
42NlqX,1,$20-$40,1,30
24x9D9,3,$20-$40,3,30
QABNE7,More than 4,$80-$100,5,90
6dQ6QN,2,$40-$60,2,50
KMBrkV,1,$20-$40,1,30
g5N8NJ,2,$40-$60,2,50
aBrpab,Less than 1,$20-$40,0,30
bl41vZ,2,<$20,2,10
qbE8NG,2,>$100,2,150
eBxgoe,2,$20-$40,2,30
aBrpkB,2,$60-$80,2,70
vNx8g0,1,$20-$40,1,30
NAB2Ol,1,$60-$80,1,70
GrBObk,2,$20-$40,2,30
kYR8x1,1,>$100,1,150
g5N8z4,2,$20-$40,2,30
lNl8zv,2,$40-$60,2,50
jB98z4,2,$20-$40,2,30
RzBqVj,1,$40-$60,1,50
BGbJ6Q,2,>$100,2,150
QABN8Y,3,$60-$80,3,70
24x9o9,1,$40-$60,1,50
BGbJ9Q,2,$20-$40,2,30
PABZrV,2,$20-$40,2,30
lNl84k,2,>$100,2,150
rlr8YR,3,$80-$100,3,90
zKQ8L0,1,$40-$60,1,50
NAB2El,2,$80-$100,2,90
9dJAMV,3,$60-$80,3,70
YZz79J,2,$40-$60,2,50
5dqaod,2,$40-$60,2,50
GrBOgp,1,>$100,1,150
dY2Jgo,3,$40-$60,3,50
AlbMAe,2,$20-$40,2,30
XeB6d4,More than 4,>$100,5,150
QABNX8,1,$20-$40,1,30
1r2QBp,2,$40-$60,2,50
VZ1WY6,2,$40-$60,2,50
6dQ6MJ,1,$40-$60,1,50
oAV8vx,2,$20-$40,2,30
oAV8gP,1,$40-$60,1,50
EPboJ2,1,$60-$80,1,70
MAdjVA,1,$40-$60,1,50
EPboEX,3,$20-$40,3,30
6dQ64k,3,$40-$60,3,50
NAB240,3,$20-$40,3,30
OABxEg,2,$80-$100,2,90
NAB2gB,2,$40-$60,2,50
vNx8vQ,1,$20-$40,1,30
qbE8k9,2,$40-$60,2,50
qbE8v9,1,$20-$40,1,30
jB98Yx,Less than 1,<$20,0,10
rlr8gN,1,$80-$100,1,90
XeB6Ng,2,$20-$40,2,30
OABx97,3,$40-$60,3,50
42NlEX,1,$40-$60,1,50
LdM4al,2,$20-$40,2,30
ZdRbDB,1,$20-$40,1,30
6dQ6Vk,2,$40-$60,2,50
8dpbVx,1,$20-$40,1,30
1r2Q6l,3,<$20,3,10
7d97MR,Less than 1,$20-$40,0,30
ylq8GB,1,<$20,1,10
kYR8p1,2,$60-$80,2,70
8dpbgx,2,$40-$60,2,50
VZ1Wqg,2,$20-$40,2,30
WApaBa,2,$40-$60,2,50
dY2J1q,2,$20-$40,2,30
vNx8W0,1,$40-$60,1,50
5dqaOo,2,$60-$80,2,70
QABNWp,Less than 1,<$20,0,10
ZdRbQo,1,$40-$60,1,50
NAB2yB,2,>$100,2,150
oAV81e,2,$40-$60,2,50
PABZYx,2,$20-$40,2,30
PABZWb,1,$20-$40,1,30
XeB6v4,More than 4,$20-$40,5,30
9dJAxQ,2,$40-$60,2,50
DVvRE5,2,$40-$60,2,50
lNl87X,1,$20-$40,1,30
eBxgye,1,$20-$40,1,30
aBrpgq,1,$20-$40,1,30
OABxrR,3,$40-$60,3,50
1r2QxQ,1,$40-$60,1,50
AlbM9z,3,$40-$60,3,50
8dpbWO,1,$40-$60,1,50
7d97zA,1,$20-$40,1,30
24x9zV,2,<$20,2,10
rlr8YN,2,$40-$60,2,50
xdN80d,2,$40-$60,2,50
1r2QgW,3,$20-$40,3,30
EPbo64,2,$60-$80,2,70
qbE877,3,$40-$60,3,50
KMBrGV,2,$40-$60,2,50
6dQ6WY,2,>$100,2,150
EPboA4,1,<$20,1,10
PABZy5,1,$20-$40,1,30
ZdRbgz,1,$20-$40,1,30
EPbo6r,1,$40-$60,1,50
6dQ6zB,2,$40-$60,2,50
LdM4Ey,3,$40-$60,3,50
ylq8gg,1,$20-$40,1,30
42NlOY,2,$20-$40,2,30
MAdjPM,2,$60-$80,2,70
8dpb5O,4,$60-$80,4,70
1r2QRl,2,<$20,2,10
jB985Q,2,>$100,2,150
J2kEBo,2,<$20,2,10
eBxgvk,2,$60-$80,2,70
7d97jZ,2,$20-$40,2,30
dY2JzK,1,$40-$60,1,50
PABZe5,1,$40-$60,1,50
J2kEGo,1,$20-$40,1,30
ylq8zx,1,$40-$60,1,50
xdN8z5,2,$20-$40,2,30
NAB2dj,2,$20-$40,2,30
ylq81x,1,$20-$40,1,30
vNx8zD,1,$40-$60,1,50
oAV8zP,3,$20-$40,3,30
QABNkG,1,$20-$40,1,30
PABZqd,3,$80-$100,3,90
oAV8LX,2,$80-$100,2,90
XeB6Pd,2,<$20,2,10
AlbMRB,2,$60-$80,2,70
jB98XR,2,$20-$40,2,30
NAB2Zb,Less than 1,<$20,0,10
aBrpMy,2,$20-$40,2,30
OABxKK,2,$20-$40,2,30
EPbooq,Less than 1,<$20,0,10
PABZq0,2,$60-$80,2,70
GrBOE2,1,>$100,1,150
pLPYYZ,1,$20-$40,1,30
GrBOVj,2,>$100,2,150
rlr8Z5,1,$60-$80,1,70
KMBr2M,2,$20-$40,2,30
kYR8BJ,2,$40-$60,2,50
aBrpJ9,1,<$20,1,10
bl41a0,2,$60-$80,2,70
RzBqyp,2,$20-$40,2,30
1r2Q0M,2,$40-$60,2,50
GrBOO2,3,$20-$40,3,30
jB98V6,1,$20-$40,1,30
QABNpg,3,$40-$60,3,50
DVvR6j,2,$40-$60,2,50
xdN8q9,1,$20-$40,1,30
xdN8W9,2,$20-$40,2,30
rlr8ep,4,$20-$40,4,30
WApa4L,2,$40-$60,2,50
lNl8pV,2,<$20,2,10
9dJAbX,2,$60-$80,2,70
zKQ8A1,2,<$20,2,10
QABNP1,2,<$20,2,10
pLPYEE,Less than 1,<$20,0,10
GrBOMQ,2,$20-$40,2,30
RzBqpQ,2,$40-$60,2,50
24x9MM,1,<$20,1,10
7d9rX0,2,<$20,2,10
YZz72z,Less than 1,<$20,0,10
42Nl0b,2,$20-$40,2,30
lNl8JX,1,>$100,1,150
xdN8kd,Less than 1,<$20,0,10
VZ1WWE,1,$20-$40,1,30
bl4QV6,1,<$20,1,10
LdM4xG,3,$80-$100,3,90
VZ1OLj,2,$60-$80,2,70
KMBrrk,1,$40-$60,1,50
5dqaWQ,2,$60-$80,2,70
NAB22W,More than 4,>$100,5,150
eBxWZx,3,>$100,3,150
OABxOM,2,$40-$60,2,50
lNl825,4,$40-$60,4,50
EPboy2,1,$40-$60,1,50
LdM48z,2,$40-$60,2,50
KMBKYX,3,$40-$60,3,50
NAB21W,1,<$20,1,10
42NlMo,Less than 1,$20-$40,0,30
BGbJv4,2,$20-$40,2,30
rlr8No,1,$20-$40,1,30
24xGEe,2,$20-$40,2,30
lNlkBN,2,$20-$40,2,30
eBxWae,2,$20-$40,2,30
WApavR,4,$40-$60,4,50
1r2o9p,2,$20-$40,2,30
OABM7R,1,$20-$40,1,30
aBrqOX,2,$20-$40,2,30
qbE1GG,1,$40-$60,1,50
8dp4aP,2,$40-$60,2,50
0EjR7j,2,<$20,2,10
YZz7EN,2,$20-$40,2,30
OABxRk,2,$40-$60,2,50
AlbMgN,1,$20-$40,1,30
OABxWM,2,$40-$60,2,50
xdN5Yy,2,$20-$40,2,30
AlbMYB,3,$40-$60,3,50
ylq5Jg,1,$20-$40,1,30
VZ1WRj,2,$60-$80,2,70
jB9Ala,3,$60-$80,3,70
YZzl4B,4,$40-$60,4,50
J2kvz4,2,$20-$40,2,30
oAV8W5,2,$60-$80,2,70
oAVLGe,2,$80-$100,2,90
KMBKlA,Less than 1,$20-$40,0,30
6dQEDY,2,$20-$40,2,30
1r2o7Q,2,$40-$60,2,50
1r2oVQ,2,$40-$60,2,50
0EjR8y,2,$20-$40,2,30
LdMLzp,2,>$100,2,150
LdML7p,1,$40-$60,1,50
jB9Ab4,2,$20-$40,2,30
aBrq4B,1,$20-$40,1,30
DVv6Nq,3,$40-$60,3,50
DVv6pR,2,$20-$40,2,30
rlrMON,1,$20-$40,1,30
g5N6Ml,2,$20-$40,2,30
NAB1oB,4,$60-$80,4,70
VZ1Ojy,2,<$20,2,10
dY2exq,3,$20-$40,3,30
RzByo9,1,$40-$60,1,50
XeBP4g,Less than 1,<$20,0,10
vNx5P0,3,$40-$60,3,50
6dQEZk,3,$80-$100,3,90
bl4QeL,1,$20-$40,1,30
PABJ55,3,$20-$40,3,30
aBrq9b,2,$40-$60,2,50
LdMLPv,2,$20-$40,2,30
qbE1VY,2,$20-$40,2,30
oAVLEx,2,$20-$40,2,30
PABJ1V,1,$40-$60,1,50
0EjR6N,2,$60-$80,2,70
BGbW75,2,$20-$40,2,30
8dp4L5,2,$40-$60,2,50
GrBARZ,1,$20-$40,1,30
rlrMBR,1,$40-$60,1,50
GrBAve,1,$40-$60,1,50
g5N6qO,Less than 1,$20-$40,0,30
J2kvOo,2,$40-$60,2,50
GrBAlp,3,$60-$80,3,70
7d9r2P,3,$60-$80,3,70
1r2odl,1,$20-$40,1,30
J2kvdR,1,$20-$40,1,30
jB9APx,2,$20-$40,2,30
DVv6kZ,1,$20-$40,1,30
xdN8Ok,1,$20-$40,1,30
NAB1qO,3,$40-$60,3,50
GrBA9Z,3,$60-$80,3,70
bl4Qdg,2,$20-$40,2,30
5dqPZo,2,$40-$60,2,50
J2kEyz,3,$40-$60,3,50
jB98j9,2,$40-$60,2,50
DVv67R,4,$40-$60,4,50
QABlV8,1,<$20,1,10
LdMLpj,1,$20-$40,1,30
42NVrX,2,$40-$60,2,50
VZ1OpM,2,$20-$40,2,30
42NlWr,1,$40-$60,1,50
KMBKV8,1,$40-$60,1,50
aBrq6q,2,$20-$40,2,30
YZzlPW,1,$20-$40,1,30
zKQ5jM,3,$40-$60,3,50
XeBPJY,2,$60-$80,2,70
kYRB61,2,$80-$100,2,90
zKQ5y0,3,$40-$60,3,50
RzBy5d,4,$80-$100,4,90
ZdRrNy,2,$20-$40,2,30
6dQE7B,2,$60-$80,2,70
0EjRey,2,$20-$40,2,30
QABlDp,1,$20-$40,1,30
24xGB9,2,$40-$60,2,50
EPb7QX,2,$20-$40,2,30
qbE1AY,2,$60-$80,2,70
RzByD9,2,$20-$40,2,30
42NVQY,2,$20-$40,2,30
EPb7XX,1,$20-$40,1,30
Albe2z,3,$40-$60,3,50
PABJ9V,3,$40-$60,3,50
rlrM5R,More than 4,$40-$60,5,50
kYR8Pj,2,$40-$60,2,50
J2kvqK,Less than 1,$20-$40,0,30
J2kv1K,3,$20-$40,3,30
PABJpB,1,$20-$40,1,30
EPb7l4,3,$40-$60,3,50
XeBP0j,1,$80-$100,1,90
vNx5Yv,2,$60-$80,2,70
NAB1WB,2,$40-$60,2,50
42NV8k,2,$60-$80,2,70
VZ1OQg,2,$60-$80,2,70
LdMLWj,4,$40-$60,4,50
LdMLKv,1,<$20,1,10
zKQ5Ya,2,$40-$60,2,50
pLPpoJ,1,$40-$60,1,50
lNlkqv,2,$40-$60,2,50
GrBO2O,2,$20-$40,2,30
KMBK1A,Less than 1,<$20,0,10
dY2e9o,1,$20-$40,1,30
9dJjQp,4,$60-$80,4,70
QABl58,3,$40-$60,3,50
BGbWk5,2,$20-$40,2,30
24xGPj,2,$40-$60,2,50
0EjRdB,More than 4,$40-$60,5,50
RzByPd,2,$80-$100,2,90
RzBq9P,2,$40-$60,2,50
PABJ65,2,$20-$40,2,30
oAVLRP,2,$20-$40,2,30
24xGPL,Less than 1,$20-$40,0,30
rlr84L,1,<$20,1,10
VZ1O0v,2,$40-$60,2,50
8dp4xO,2,$20-$40,2,30
bl4QWL,2,$40-$60,2,50
qbE1a9,2,$20-$40,2,30
VZ1O5J,3,$80-$100,3,90
rlrMPl,Less than 1,$20-$40,0,30
EPb7XN,2,$20-$40,2,30
dY2e0o,1,$20-$40,1,30
lNlkyB,3,<$20,3,10
BGbJo7,3,>$100,3,150
xdN5ay,2,>$100,2,150
GrBAdp,Less than 1,<$20,0,10
BGbWxQ,3,$20-$40,3,30
MAdpzp,2,>$100,2,150
RzBy0J,2,$40-$60,2,50
PABJ1e,2,$20-$40,2,30
XeBPWj,1,$20-$40,1,30
g5N6Gl,3,$60-$80,3,70
jB9AZJ,1,$40-$60,1,50
g5N6e4,3,$40-$60,3,50
0Ejq9Q,2,$80-$100,2,90
xdN8EG,2,$40-$60,2,50
zKQ5Da,1,$40-$60,1,50
xdN5Xv,2,$80-$100,2,90
24xGAj,2,>$100,2,150
lNl8j5,2,$20-$40,2,30
YZz7Nv,2,$20-$40,2,30
VZ1OEj,2,$80-$100,2,90
bl4Qlo,3,$80-$100,3,90
42NVkO,2,$20-$40,2,30
9dJjdY,2,$60-$80,2,70
WApV0J,Less than 1,<$20,0,10
1r2oEM,4,<$20,4,10
jB9AME,2,$80-$100,2,90
GrBAro,2,$40-$60,2,50
KMBK67,Less than 1,$20-$40,0,30
xdN5QG,1,$60-$80,1,70
XeBPe4,1,$20-$40,1,30
8dp4kx,2,$20-$40,2,30
EPb71N,3,$20-$40,3,30
eBxWBO,2,$20-$40,2,30
6dQExe,2,$40-$60,2,50
24xGrp,2,$60-$80,2,70
5dqP2M,3,$40-$60,3,50
QABlrg,1,$20-$40,1,30
xdN5Qo,2,$20-$40,2,30
vNx5AQ,1,<$20,1,10
YZzldq,1,$20-$40,1,30
zKQ5zq,1,$20-$40,1,30
5dqPkd,3,$80-$100,3,90
1r2ovO,2,$60-$80,2,70
PABJB0,1,$40-$60,1,50
AlbeDW,1,$20-$40,1,30
GrBA1o,2,>$100,2,150
6dQE15,2,$40-$60,2,50
LdMLG1,3,$60-$80,3,70
LdML0G,1,$40-$60,1,50
zKQ5Kq,Less than 1,<$20,0,10
J2kvJY,3,$80-$100,3,90
rlrMVM,4,$80-$100,4,90
DVv6eb,1,$20-$40,1,30
5dqPdd,2,$40-$60,2,50
RzByLl,2,$20-$40,2,30
5dqPvP,3,$40-$60,3,50
YZzlV0,2,$20-$40,2,30
vNx54A,1,$20-$40,1,30
jB9ABE,2,$40-$60,2,50
RzBy4J,4,$40-$60,4,50
jB9AxR,3,$40-$60,3,50
dY2eYA,2,$40-$60,2,50
0EjRJ0,1,$40-$60,1,50
PABJvP,2,$20-$40,2,30
DVv60p,1,$20-$40,1,30
rlrMKv,Less than 1,$20-$40,0,30
9dJjJ4,2,$20-$40,2,30
oAVL0M,1,$60-$80,1,70
vNx5Od,1,$20-$40,1,30
QABlYA,2,$40-$60,2,50
24xGkp,2,$60-$80,2,70
7d9roL,3,$40-$60,3,50
lNlkNW,2,$20-$40,2,30
g5N64N,2,$40-$60,2,50
g5N65d,1,$20-$40,1,30
7d9rdA,2,$60-$80,2,70
lNlkL5,2,$60-$80,2,70
0EjRoQ,3,$40-$60,3,50
GrBA1j,Less than 1,<$20,0,10
qbE1b7,2,$20-$40,2,30
oAVLVM,1,$20-$40,1,30
RzByRl,1,$20-$40,1,30
g5N6QK,1,$20-$40,1,30
QABlBk,2,$20-$40,2,30
vNx5NQ,2,$20-$40,2,30
6dQEro,2,$60-$80,2,70
eBxWNo,1,$20-$40,1,30
NAB1MN,2,$20-$40,2,30
dY2eDy,1,<$20,1,10
MAdpvE,1,$20-$40,1,30
MAdp5Y,2,$20-$40,2,30
9dJjE1,2,>$100,2,150
PABJ20,2,$20-$40,2,30
8dp4eA,2,$40-$60,2,50
DVv65b,2,$40-$60,2,50
qbE1o8,2,$20-$40,2,30
OABMBA,2,<$20,2,10
oAVLlM,More than 4,$20-$40,5,30
5dqPEb,2,$20-$40,2,30
6dQEOO,2,$80-$100,2,90
jB9A99,2,$20-$40,2,30
7d9r46,1,$20-$40,1,30
qbE1Yk,2,$20-$40,2,30
pLPpWZ,1,$40-$60,1,50
VZ1Olv,1,$40-$60,1,50
OABMJp,3,$40-$60,3,50
aBrqry,2,$40-$60,2,50
7d9r9z,3,$60-$80,3,70
oAVLl5,2,<$20,2,10
aBrqZW,1,$80-$100,1,90
lNlk06,4,$60-$80,4,70
ZdRrGv,1,$40-$60,1,50
xdN5ZG,3,$40-$60,3,50
lNlkYV,3,$40-$60,3,50
VZ1OME,1,$40-$60,1,50
rlrMrL,1,$40-$60,1,50
42NVAd,3,$40-$60,3,50
jB9AJ1,2,$60-$80,2,70
ZdRrvA,More than 4,$80-$100,5,90
8dp4dx,1,$40-$60,1,50
vNx5JX,1,$20-$40,1,30
zKQ5e1,Less than 1,<$20,0,10
lNlkKV,2,$40-$60,2,50
rlrMJX,2,$20-$40,2,30
LdMLaz,1,$60-$80,1,70
rlrM0L,2,$20-$40,2,30
NAB1Rp,2,$20-$40,2,30
42NV9d,2,$80-$100,2,90
jB9A76,2,$40-$60,2,50
OABMLK,3,$20-$40,3,30
GrBABz,2,$40-$60,2,50
YZzlY6,Less than 1,<$20,0,10
YZzlo0,1,$40-$60,1,50
g5N671,2,>$100,2,150
qbE1k5,2,$20-$40,2,30
7d9r16,Less than 1,$20-$40,0,30
24xGkV,1,$20-$40,1,30
BGbWA4,1,$40-$60,1,50
rlrMJp,2,$40-$60,2,50
bl4Qr2,3,$60-$80,3,70
aBrqDE,2,$60-$80,2,70
YZzlrq,1,$20-$40,1,30
VZ1O9l,2,$40-$60,2,50
EPb7Lo,4,$80-$100,4,90
jB9A09,2,$20-$40,2,30
EPb7Z2,2,$20-$40,2,30
EPb7vA,Less than 1,$20-$40,0,30
42NVPo,2,$80-$100,2,90
g5N6JM,2,$20-$40,2,30
9dJj2K,2,>$100,2,150
xdN5Rk,2,$80-$100,2,90
24xGvA,2,$20-$40,2,30
ZdRrza,2,$40-$60,2,50
1r2oN4,3,>$100,3,150
VZ1ObN,4,$20-$40,4,30
24xGxA,1,$60-$80,1,70
pLPpRy,2,$20-$40,2,30
J2kvk7,2,$40-$60,2,50
oAVL55,2,$40-$60,2,50
lNlkWp,2,$40-$60,2,50
QABl8l,2,>$100,2,150
eBxWxo,Less than 1,<$20,0,10
eBxW2E,2,$40-$60,2,50
rlrMd5,4,$20-$40,4,30
RzByvv,2,$80-$100,2,90
rlrM2p,4,$40-$60,4,50
24xG1g,3,$20-$40,3,30
EPb7BL,1,$40-$60,1,50
eBxWKJ,1,$40-$60,1,50
zKQ5J8,2,$20-$40,2,30
ZdRrZ5,2,$20-$40,2,30
1r2o2L,1,$40-$60,1,50
xdN599,4,$20-$40,4,30
YZzlpz,2,$40-$60,2,50
bl4Q82,Less than 1,<$20,0,10
PABJ80,3,$40-$60,3,50
24xGOb,2,$40-$60,2,50
5dqPGP,2,$40-$60,2,50
bl4Q4E,2,$20-$40,2,30
KMBKBK,2,$20-$40,2,30
DVv6Jj,2,$40-$60,2,50
eBxW7E,3,$60-$80,3,70
GrBAoz,3,$40-$60,3,50
EPb70o,2,$80-$100,2,90
kYRBJd,2,$40-$60,2,50
J2kv2d,1,$20-$40,1,30
OABMdk,2,$60-$80,2,70
LdMLvz,Less than 1,$20-$40,0,30
VZ1OZv,2,<$20,2,10
5dqPLM,2,$20-$40,2,30
LdMLXG,2,$80-$100,2,90
RzByZP,2,$40-$60,2,50
42NVvB,Less than 1,<$20,0,10
GrBAqO,3,>$100,3,150
BGbWj4,Less than 1,$80-$100,0,90
BGbWB7,1,$20-$40,1,30
ylq5o6,3,$20-$40,3,30
J2kvLJ,3,>$100,3,150
42NVjb,1,$20-$40,1,30
bl4Q2E,1,$20-$40,1,30
5dqPev,1,$20-$40,1,30
6dQEvO,3,$40-$60,3,50
jB9ALR,2,$40-$60,2,50
9dJjpK,2,$40-$60,2,50
LdMLE2,1,$20-$40,1,30
xdN54E,1,$60-$80,1,70
J2kvV7,1,$20-$40,1,30
8dp46k,3,$80-$100,3,90
1r2oD4,2,$20-$40,2,30
bl4QK0,1,$20-$40,1,30
DVv6AX,2,>$100,2,150
QABlxk,1,$80-$100,1,90
aBrqjy,2,<$20,2,10
XeBP1e,4,>$100,4,150
qbE1P2,2,$60-$80,2,70
9dJjlG,2,$60-$80,2,70
WApVPJ,2,$60-$80,2,70
jB9A5Y,3,$40-$60,3,50
OABMjA,2,$40-$60,2,50
DVv6V5,3,$80-$100,3,90
XeBPMd,2,$40-$60,2,50
6dQEAo,1,$20-$40,1,30
jB9AG9,1,$20-$40,1,30
pLPpVV,More than 4,$60-$80,5,70
5dqPpQ,3,$20-$40,3,30
zKQ51g,1,$20-$40,1,30
7d9rp2,2,$20-$40,2,30
5dqPMQ,2,$20-$40,2,30
9dJjrE,1,$20-$40,1,30
MAdp78,1,$20-$40,1,30
pLPpz1,Less than 1,$20-$40,0,30
KMBKgX,2,$60-$80,2,70
QABlk1,Less than 1,<$20,0,10
PABJ41,1,$20-$40,1,30
QABlO1,1,$20-$40,1,30
RzByjK,2,$60-$80,2,70
kYRBrr,3,$20-$40,3,30
PABJGx,2,>$100,2,150
vNx5gl,1,$40-$60,1,50
eBxWzx,3,$60-$80,3,70
WApVZe,Less than 1,$20-$40,0,30
Albeae,1,$20-$40,1,30
lNlkMX,2,$40-$60,2,50
OABMVa,1,$20-$40,1,30
XeBP2z,1,$20-$40,1,30
eBxWpl,3,$20-$40,3,30
RzBy2K,3,$40-$60,3,50
GrBAjZ,3,$40-$60,3,50
KMBKaD,4,$20-$40,4,30
ZdRrQV,Less than 1,<$20,0,10
1r2oRg,2,$20-$40,2,30
kYRBkZ,1,$20-$40,1,30
oAVLzb,2,$20-$40,2,30
aBrqzZ,Less than 1,<$20,0,10
rlrMvX,2,$20-$40,2,30
EPb76l,2,$40-$60,2,50
24xGDM,1,$60-$80,1,70
7d9rPa,1,<$20,1,10
DVv69R,2,$40-$60,2,50
42NVdA,2,$20-$40,2,30
g5N6OP,2,>$100,2,150
J2kvZR,2,$60-$80,2,70
RzBylj,2,$80-$100,2,90
qbE1zO,2,$20-$40,2,30
jB9AEQ,2,$40-$60,2,50
xdN5ov,1,$20-$40,1,30
9dJja5,2,$20-$40,2,30
kYRBQe,2,$80-$100,2,90
24xGVD,2,$20-$40,2,30
VZ1O46,4,$40-$60,4,50
PABJee,2,$20-$40,2,30
eBxWYQ,1,<$20,1,10
qbE1NO,2,$20-$40,2,30
oAVLaP,3,$20-$40,3,30
LdMLgl,2,$40-$60,2,50
ylq5zd,3,$40-$60,3,50
NAB1EO,1,$80-$100,1,90
7d9rj0,1,$40-$60,1,50
ZdRrKB,2,$20-$40,2,30
xdN56d,1,$20-$40,1,30
rlrMg2,3,$40-$60,3,50
qbE1pg,1,$20-$40,1,30
pLPpXJ,3,$60-$80,3,70
xdN5vk,2,$20-$40,2,30
vNx5a0,More than 4,>$100,5,150
LdML6J,1,$20-$40,1,30
6dQEyJ,1,$20-$40,1,30
xdN5L5,2,$60-$80,2,70
OABMra,1,$20-$40,1,30
jB9AgQ,1,$20-$40,1,30
EPb7AB,3,$80-$100,3,90
GrBAQO,2,$80-$100,2,90
lNlk9v,2,$60-$80,2,70
eBxWox,3,<$20,3,10
VZ1OyM,1,<$20,1,10
KMBKNV,1,$20-$40,1,30
OABMyY,2,$40-$60,2,50
WApVjR,1,$20-$40,1,30
OABMKR,2,$20-$40,2,30
BGbWVK,2,$20-$40,2,30
XeBPyL,3,$80-$100,3,90
VZ1OBg,1,$40-$60,1,50
1r2ox1,Less than 1,<$20,0,10
LdMLVl,1,$20-$40,1,30
oAVLQO,2,$20-$40,2,30
pLPpNJ,Less than 1,<$20,0,10
eBxWPk,2,$20-$40,2,30
VZ1Oxj,Less than 1,<$20,0,10
zKQ54R,2,$40-$60,2,50
eBxWyl,1,$40-$60,1,50
rlrM1R,1,$40-$60,1,50
24xGZD,2,$80-$100,2,90
VZ1Oyy,Less than 1,$20-$40,0,30
XeBPdg,1,$40-$60,1,50
rlrMRN,2,>$100,2,150
6dQEGk,2,$20-$40,2,30
EPb7YB,1,$20-$40,1,30
7d9rEa,2,$40-$60,2,50
ylq5Rx,2,$20-$40,2,30
MAdpgk,1,$20-$40,1,30
g5N6vJ,1,$40-$60,1,50
0EjRlB,3,$20-$40,3,30
9dJjPQ,2,$60-$80,2,70
AlbeND,1,$20-$40,1,30
OABMkM,2,$80-$100,2,90
zKQ5dk,2,<$20,2,10
7d9rgR,3,$40-$60,3,50
vNx5pl,1,$20-$40,1,30
EPb7e4,2,$40-$60,2,50
DVv6PZ,2,$20-$40,2,30
MAdpPk,2,$20-$40,2,30
ylq5rg,Less than 1,<$20,0,10
24xG7M,1,$60-$80,1,70
bl4Qz6,1,$20-$40,1,30
6dQE9Y,2,$20-$40,2,30
eBxWvQ,2,$60-$80,2,70
ZdRrXo,1,$20-$40,1,30
24xGy9,1,$40-$60,1,50
xdN57r,1,<$20,1,10
lNlkXk,2,<$20,2,10
9dJjyV,2,$40-$60,2,50
RzBy19,2,$40-$60,2,50
J2kvgK,1,$20-$40,1,30
J2kvbo,2,$40-$60,2,50
DVv6ZE,1,$40-$60,1,50
XeBPvY,2,<$20,2,10
ZdRrAo,1,$20-$40,1,30
NAB1O0,3,$60-$80,3,70
J2kvBr,2,$60-$80,2,70
ylq5px,2,$20-$40,2,30
KMBKRg,2,$40-$60,2,50
OABMyg,2,$60-$80,2,70
oAVLax,2,$60-$80,2,70
VZ1OXg,2,$40-$60,2,50
WApVdv,2,$40-$60,2,50
EPb7rr,2,$60-$80,2,70
NAB1gO,2,$40-$60,2,50
XeBPkY,3,$20-$40,3,30
vNx5Wg,2,$40-$60,2,50
LdMLOy,1,$20-$40,1,30
aBrqa2,2,$40-$60,2,50
WApVXN,2,$20-$40,2,30
OABMeg,3,$20-$40,3,30
NAB1xl,2,$60-$80,2,70
dY2ekV,2,$80-$100,2,90
LdMLBv,2,$40-$60,2,50
Albe0e,1,$20-$40,1,30
eBxW8e,2,$40-$60,2,50
8dp4V5,2,>$100,2,150
1r2ozp,2,$40-$60,2,50
DVv6al,2,$40-$60,2,50
QABl4Y,1,$80-$100,1,90
DVv6EZ,2,$20-$40,2,30
J2kvxR,3,$40-$60,3,50
eBxWGe,1,$80-$100,1,90
KMBKA8,1,$60-$80,1,70
DVv6Wl,2,$40-$60,2,50
QABlyG,Less than 1,<$20,0,10
pLPp58,3,$40-$60,3,50
VZ1Oqj,1,$20-$40,1,30
XeBPNP,1,$20-$40,1,30
jB9Aq4,Less than 1,$20-$40,0,30
qbE1M9,3,$20-$40,3,30
5dqPON,2,$40-$60,2,50
rlrMW2,2,$20-$40,2,30
dY2ezr,2,$40-$60,2,50
oAVLgb,1,$80-$100,1,90
GrBAaZ,2,$60-$80,2,70
7d9rOZ,2,$20-$40,2,30
kYRB1e,1,<$20,1,10
24xGzj,4,>$100,4,150
XeBPQP,3,$20-$40,3,30
9dJj4E,2,$20-$40,2,30
MAdpqA,Less than 1,$20-$40,0,30
AlbeOz,2,$40-$60,2,50
NAB1Qj,3,$80-$100,3,90
GrBA5O,Less than 1,<$20,0,10
24xGYj,2,$20-$40,2,30
kYRBXR,2,$20-$40,2,30
WApV6N,3,$20-$40,3,30
dY2eXo,2,$20-$40,2,30
QABlp7,2,$60-$80,2,70
ylq5GX,1,<$20,1,10
EPb7Al,1,$40-$60,1,50
42NVEA,1,$40-$60,1,50
aBrqgb,2,$40-$60,2,50
42NVYX,2,$40-$60,2,50
oAVL1x,2,$40-$60,2,50
KMBKZV,1,$60-$80,1,70
1r2oyl,Less than 1,$20-$40,0,30
42NVEr,2,$20-$40,2,30
g5N614,2,$40-$60,2,50
0EjRyj,4,$80-$100,4,90
6dQEzJ,3,$20-$40,3,30
jB9Ara,Less than 1,$20-$40,0,30
dY2e4K,Less than 1,<$20,0,10
zKQ5vM,2,>$100,2,150
YZzlgW,1,<$20,1,10
pLPpZ1,1,$20-$40,1,30
J2kvro,1,$40-$60,1,50
rlrMp2,1,$40-$60,1,50
QABlWG,2,>$100,2,150
vNx5d4,1,$40-$60,1,50
jB9AzQ,1,$40-$60,1,50
MAdp2M,1,$20-$40,1,30
7d9rYZ,2,$40-$60,2,50
g5N6XO,2,$20-$40,2,30
PABJr1,2,$20-$40,2,30
RzByg4,1,$20-$40,1,30
MAdpGl,2,$20-$40,2,30
g5N6rD,1,$40-$60,1,50
RzByaj,2,$20-$40,2,30
PABJLV,2,$40-$60,2,50
GrBA4k,2,<$20,2,10
zKQ5o0,2,<$20,2,10
GrBAOp,1,$20-$40,1,30
qbE1QY,1,$40-$60,1,50
EPb77N,1,$20-$40,1,30
YZzlbB,4,$60-$80,4,70
Albeek,2,$20-$40,2,30
WApV7a,2,$60-$80,2,70
kYRBPM,1,$40-$60,1,50
GrBAAo,2,$40-$60,2,50
rlrMMl,2,$20-$40,2,30
VZ1Oag,2,$20-$40,2,30
5dqPa6,2,$40-$60,2,50
J2kvj4,2,$60-$80,2,70
XeBPAj,1,$40-$60,1,50
24xGdL,1,$40-$60,1,50
qbE117,1,$20-$40,1,30
42NVVk,2,$40-$60,2,50
5dqPYo,2,$20-$40,2,30
J2kv4d,1,$80-$100,1,90
EPb7VX,Less than 1,<$20,0,10
LdMLxj,4,$60-$80,4,70
1r2o0Q,1,$60-$80,1,70
bl4QJo,2,$40-$60,2,50
42NV6b,2,$20-$40,2,30
aBrqJv,1,$20-$40,1,30
OABMM7,Less than 1,$40-$60,0,50
42NVMb,2,$80-$100,2,90
WApVaj,1,$40-$60,1,50
RzByQ9,2,$20-$40,2,30
OABMM8,2,$80-$100,2,90
42NVlk,1,$20-$40,1,30
XeBP6j,1,<$20,1,10
eBxWWO,1,$20-$40,1,30
PABJqb,2,$40-$60,2,50
6dQEBB,1,$60-$80,1,70
GrBAEp,2,$20-$40,2,30
xdN5qo,2,$40-$60,2,50
g5N6VO,2,$60-$80,2,70
eBxWXO,1,$40-$60,1,50
KMBKj7,2,$60-$80,2,70
5dqP06,2,$40-$60,2,50
zKQ58a,3,$80-$100,3,90
EPb7RN,2,$40-$60,2,50
DVv685,2,$60-$80,2,70
RzByed,2,$40-$60,2,50
oAVLjV,2,$60-$80,2,70
dY2ery,1,$20-$40,1,30
pLPp2b,2,$40-$60,2,50
QABlN8,2,$20-$40,2,30
GrBAZj,Less than 1,<$20,0,10
YZzl75,1,$40-$60,1,50
ylq58B,1,$40-$60,1,50
ylq5AB,Less than 1,<$20,0,10
AlbeR0,2,$40-$60,2,50
dY2eoo,1,$20-$40,1,30
YZzlAd,2,$40-$60,2,50
NAB1NB,1,$40-$60,1,50
aBrqR9,1,<$20,1,10
LdMLr1,1,$80-$100,1,90
zKQ5k1,1,$40-$60,1,50
42NVbO,1,<$20,1,10
oAVLJ1,1,$40-$60,1,50
jB9AN6,1,$20-$40,1,30
qbE1l7,Less than 1,<$20,0,10
42NV0X,3,$20-$40,3,30
7d9rrA,1,<$20,1,10
5dqPNM,2,$40-$60,2,50
ZdRrbz,3,$40-$60,3,50
vNx5RA,1,$20-$40,1,30
0EjRqN,1,$20-$40,1,30
vNx59Q,2,$60-$80,2,70
EPb72o,Less than 1,<$20,0,10
dY2eJq,1,$20-$40,1,30
PABJxb,Less than 1,$60-$80,0,70
6dQEEB,2,$40-$60,2,50
6dQE6P,2,$40-$60,2,50
pLPpYq,1,$40-$60,1,50
XeBP7g,3,$40-$60,3,50
rlrM8l,1,$20-$40,1,30
RzByqd,2,$20-$40,2,30
9dJjKY,1,<$20,1,10
RzByNl,Less than 1,<$20,0,10
VZ1O7J,2,$80-$100,2,90
vNx5kd,2,$40-$60,2,50
8dp4DO,1,$20-$40,1,30
7d9rkA,1,$40-$60,1,50
GrBAAp,3,$60-$80,3,70
rlrMQN,1,$20-$40,1,30
GrBAW2,1,$20-$40,1,30
6dQEqe,1,$20-$40,1,30
RzBypp,2,$60-$80,2,70
zKQ5AR,1,$20-$40,1,30
eBxWg0,3,$20-$40,3,30
jB9AAx,Less than 1,<$20,0,10
oAVLLV,Less than 1,$20-$40,0,30
YZzl6d,3,$60-$80,3,70
g5N6EN,Less than 1,<$20,0,10
xdN5AG,1,$40-$60,1,50
lNlkp5,2,$20-$40,2,30
ZdRrBy,1,$20-$40,1,30
YZzl2q,2,$20-$40,2,30
rlrM75,1,$20-$40,1,30
zKQ5Ba,Less than 1,<$20,0,10
0EjRX0,1,$20-$40,1,30
VZ1OgE,2,$80-$100,2,90
9dJjjY,2,$40-$60,2,50
J2kvE4,1,$20-$40,1,30
rlrM4M,3,$40-$60,3,50
8dp4Bx,Less than 1,<$20,0,10
jB9A4a,2,$40-$60,2,50
42NVVO,2,$60-$80,2,70
bl4QRg,3,$40-$60,3,50
pLPpqq,Less than 1,$20-$40,0,30
42NV6O,3,$40-$60,3,50
GrBAM2,2,$80-$100,2,90
LdML4j,1,<$20,1,10
42NVeB,1,$20-$40,1,30
QABllp,3,$80-$100,3,90
RzByNJ,1,$40-$60,1,50
oAVLP1,2,$40-$60,2,50
kYRBj1,2,$40-$60,2,50
EPb79q,3,$40-$60,3,50
aBrqMq,1,$20-$40,1,30
GrBAVZ,2,<$20,2,10
5dqP7d,1,<$20,1,10
kYRBL6,2,$20-$40,2,30
DVv6oR,1,$20-$40,1,30
GrBAGj,2,$40-$60,2,50
24xG9L,1,<$20,1,10
lNlkGW,2,$20-$40,2,30
vNx58v,2,$20-$40,2,30
g5N6BN,Less than 1,<$20,0,10
OABMRK,2,$60-$80,2,70
eBxWVq,2,$20-$40,2,30
g5N621,1,$80-$100,1,90
5dqPJM,Less than 1,$20-$40,0,30
7d9ryL,1,$20-$40,1,30
aBrq7E,1,$60-$80,1,70
XeBPa4,2,$20-$40,2,30
kYRBqJ,2,$40-$60,2,50
24xGGL,1,$20-$40,1,30
aBrqqq,2,$40-$60,2,50
VZ1O6v,2,$40-$60,2,50
jB9AjR,2,<$20,2,10
AlbeM0,2,$60-$80,2,70
NAB1ZQ,3,$40-$60,3,50
xdN5GG,2,$20-$40,2,30
oAVLJX,Less than 1,<$20,0,10
lNlkx5,4,$20-$40,4,30
ZdRrqa,2,$40-$60,2,50
OABM28,More than 4,$20-$40,5,30
xdN5by,1,$20-$40,1,30
ylq5Lp,Less than 1,$20-$40,0,30
0EjR96,1,$20-$40,1,30
dY2eMA,2,$80-$100,2,90
jB9A4x,4,$20-$40,4,30
42NV5B,1,$20-$40,1,30
oAVLZP,2,$40-$60,2,50
EPb77X,3,$40-$60,3,50
pLPpQV,Less than 1,<$20,0,10
OABMq7,2,$40-$60,2,50
PABJJ5,2,$20-$40,2,30
1r2oQQ,4,$60-$80,4,70
6dQEoO,2,$40-$60,2,50
24xG6V,1,$20-$40,1,30
lNlkkB,2,<$20,2,10
oAVL8e,1,$20-$40,1,30
rlrMz5,2,$40-$60,2,50
42NV0k,2,$60-$80,2,70
MAdpZp,3,$60-$80,3,70
eBxW4E,More than 4,$20-$40,5,30
OABMx7,1,$20-$40,1,30
OABMZR,Less than 1,<$20,0,10
GrBAPo,1,$20-$40,1,30
jB9AKR,More than 4,$40-$60,5,50
QABl98,Less than 1,<$20,0,10
lNlk8B,2,$60-$80,2,70
NAB1kW,4,$80-$100,4,90
PABJQ5,1,$60-$80,1,70
dY2eOz,2,<$20,2,10
LdML8G,Less than 1,<$20,0,10
ylq5O0,3,$20-$40,3,30
9dJjAp,1,$40-$60,1,50
NAB1GW,2,$60-$80,2,70
GrBAGo,1,$20-$40,1,30
7d9rG9,Less than 1,$20-$40,0,30
24xGWV,1,$20-$40,1,30
5dqPRP,2,$60-$80,2,70
KMBK9M,1,<$20,1,10
kYRB26,3,$20-$40,3,30
ZdRrry,Less than 1,$60-$80,0,70
g5N6ld,2,$20-$40,2,30
DVv6Qj,2,$60-$80,2,70
MAdpxX,3,>$100,3,150
rlrM9l,2,$20-$40,2,30
BGbWRN,1,$40-$60,1,50
BGbWNA,1,$20-$40,1,30
xdN5Wo,2,$40-$60,2,50
9dJjb1,3,$40-$60,3,50
bl4Q1g,1,$20-$40,1,30
9dJjeG,1,<$20,1,10
J2kvPd,1,$20-$40,1,30
EPb7oX,2,$20-$40,2,30
RzByAl,1,$60-$80,1,70
PABJKd,1,$20-$40,1,30
42NVZb,1,$80-$100,1,90
QABlZg,2,$40-$60,2,50
kYRBBM,Less than 1,$20-$40,0,30
qbE1r2,Less than 1,<$20,0,10
vNx55Q,2,$20-$40,2,30
YZzll5,2,$40-$60,2,50
QABlQp,3,$60-$80,3,70
jB9ARE,3,>$100,3,150
EPb7Ro,1,<$20,1,10
RzBy7P,1,$20-$40,1,30
pLPpjE,1,<$20,1,10
BGbWMA,2,$20-$40,2,30
zKQ5P8,4,$80-$100,4,90
24xGqb,2,<$20,2,10
MAdpog,2,$20-$40,2,30
YZzAPv,2,$40-$60,2,50
NAB1Kb,3,$20-$40,3,30
qbE1xk,1,$20-$40,1,30
PABqjP,1,<$20,1,10
rlrMx5,1,$40-$60,1,50
oAVj6M,2,$20-$40,2,30
rlrZ5X,2,$40-$60,2,50
aBrMNW,1,$20-$40,1,30
ZdRrpv,1,$60-$80,1,70
0EjWQP,1,$40-$60,1,50
24x6Eg,1,$20-$40,1,30
24x6XM,2,$60-$80,2,70
5dqAXv,2,$40-$60,2,50
bl4Jq7,1,$40-$60,1,50
OABMpA,2,$20-$40,2,30
qbElGO,Less than 1,<$20,0,10
WAp79L,Less than 1,$20-$40,0,30
PABq11,1,$20-$40,1,30
eBxWdo,More than 4,$80-$100,5,90
QABlgk,1,$20-$40,1,30
NABZrp,1,$20-$40,1,30
8dp4vo,1,<$20,1,10
oAVL4M,1,$20-$40,1,30
8dplLl,1,<$20,1,10
MAdxD8,Less than 1,<$20,0,10
VZ16pN,2,$20-$40,2,30
jB9VDY,1,$60-$80,1,70
bl4J97,2,$40-$60,2,50
zKQ6xZ,Less than 1,<$20,0,10
6dQEb5,1,<$20,1,10
0EjWrQ,2,$40-$60,2,50
ZdRBOV,2,$80-$100,2,90
MAdxeE,2,$20-$40,2,30
VZ16p6,2,$40-$60,2,50
lNlEBX,1,$40-$60,1,50
dY2eLN,1,$40-$60,1,50
1r2o1L,2,$20-$40,2,30
VZ16G6,2,$20-$40,2,30
zKQ6YM,Less than 1,<$20,0,10
BGbRde,3,$60-$80,3,70
LdMLA2,3,$60-$80,3,70
42NbKA,1,$20-$40,1,30
lNlEbV,2,>$100,2,150
pLP2rP,2,$20-$40,2,30
DVv6rp,2,$20-$40,2,30
lNlko6,2,$20-$40,2,30
eBxW1o,2,$20-$40,2,30
VZ16El,2,$20-$40,2,30
BGbWPY,1,$20-$40,1,30
AlbX7o,1,$40-$60,1,50
oAVLrM,1,$20-$40,1,30
1r2aW4,2,$60-$80,2,70
RzB9Kv,3,$80-$100,3,90
1r2oqO,1,$20-$40,1,30
42NbKr,2,$40-$60,2,50
24x6PD,2,$40-$60,2,50
OABNlM,2,<$20,2,10
8dp47Y,Less than 1,$20-$40,0,30
RzB9WQ,1,>$100,1,150
jB9VZ1,1,$80-$100,1,90
oAVj2b,3,$60-$80,3,70
jB9VlQ,4,$60-$80,4,70
GrBA2z,1,<$20,1,10
9dJKQ5,3,$20-$40,3,30
aBrMdX,2,$20-$40,2,30
EPbOWB,2,$40-$60,2,50
OABNQk,1,$80-$100,1,90
dY2yEV,1,$40-$60,1,50
vNx9Yl,2,$40-$60,2,50
dY2yWD,2,<$20,2,10
bl4J50,1,$20-$40,1,30
WAp7OL,2,$20-$40,2,30
zKQ6yk,1,$40-$60,1,50
DVvGKE,1,$40-$60,1,50
YZzlN6,Less than 1,$40-$60,0,50
zKQ6Ng,1,$20-$40,1,30
pLP2ey,2,$20-$40,2,30
KMBjeD,2,$40-$60,2,50
KMBjzD,Less than 1,$80-$100,0,90
5dqAKb,1,$20-$40,1,30
vNx9eg,2,$20-$40,2,30
aBrM4Z,1,$20-$40,1,30
EPb74L,3,$20-$40,3,30
kYRPbd,2,$20-$40,2,30
PABq91,2,$40-$60,2,50
RzB9oK,1,$20-$40,1,30
qbE12k,3,$80-$100,3,90
J2k4dX,3,$40-$60,3,50
zKQ6DM,1,$40-$60,1,50
7d9kl6,2,$40-$60,2,50
8dplQz,2,<$20,2,10
QABQeY,Less than 1,<$20,0,10
6dQB8o,2,$40-$60,2,50
MAdxEk,2,$40-$60,2,50
6dQB7J,1,<$20,1,10
9dJK9E,2,$60-$80,2,70
XeBb0L,2,$20-$40,2,30
AlbX2y,1,$20-$40,1,30
QABQ5G,2,$40-$60,2,50
GrBPdk,3,$20-$40,3,30
kYRPEo,2,$60-$80,2,70
VZ165y,2,<$20,2,10
7d9kWR,4,$80-$100,4,90
xdNWMd,2,$40-$60,2,50
24x6jM,2,$20-$40,2,30
DVvGkl,2,$80-$100,2,90
7d9kx0,1,<$20,1,10
aBrMYb,2,$20-$40,2,30
XeBboP,3,$60-$80,3,70
oAVj9N,2,$20-$40,2,30
lNlEeo,1,$20-$40,1,30
LdM2zJ,2,$60-$80,2,70
YZzARv,1,$20-$40,1,30
bl4Je6,3,$20-$40,3,30
lNlEOo,1,$40-$60,1,50
rlrZDX,1,$40-$60,1,50
g5NoGD,2,$20-$40,2,30
dY2yar,1,$40-$60,1,50
PABqj0,1,$20-$40,1,30
42Nb7r,1,$20-$40,1,30
VZ16zM,2,$40-$60,2,50
8dplzr,1,$40-$60,1,50
g5N6RK,1,<$20,1,10
EPbO52,4,>$100,4,150
g5NoqP,1,$40-$60,1,50
KMBj1X,Less than 1,$20-$40,0,30
jB9VQJ,1,$20-$40,1,30
24xGMA,Less than 1,<$20,0,10
6dQBLN,2,$40-$60,2,50
xdNWav,2,$20-$40,2,30
ylqaYX,Less than 1,<$20,0,10
KMBjVX,1,$40-$60,1,50
8dplKP,Less than 1,$20-$40,0,30
oAVjb5,2,$60-$80,2,70
rlrZao,1,$20-$40,1,30
EPbOQr,2,$20-$40,2,30
OABN1k,3,$60-$80,3,70
WAp75v,2,$40-$60,2,50
QABQVX,2,$20-$40,2,30
OABMOp,3,$40-$60,3,50
VZ1ORl,1,<$20,1,10
oAVj65,2,$40-$60,2,50
YZzlE0,2,$20-$40,2,30
rlrZA2,2,$40-$60,2,50
ylqa28,3,$60-$80,3,70
OABNQM,Less than 1,$20-$40,0,30
6dQBjA,1,$20-$40,1,30
BGbRxR,2,$20-$40,2,30
xdNWDd,2,$20-$40,2,30
pLPplE,2,>$100,2,150
eBxXZJ,2,$60-$80,2,70
BGbR7R,1,$20-$40,1,30
EPbOxB,2,$40-$60,2,50
qbElA9,1,$20-$40,1,30
0EjW6B,1,<$20,1,10
xdNWx9,1,$40-$60,1,50
PABJad,2,$20-$40,2,30
BGbRpe,1,$20-$40,1,30
WAp7Ee,2,$80-$100,2,90
DVvGdN,Less than 1,<$20,0,10
EPbOqA,2,$40-$60,2,50
42NbXo,3,>$100,3,150
qbElDO,1,$80-$100,1,90
kYRBDj,2,$40-$60,2,50
lNlkJp,3,<$20,3,10
24x68b,4,$20-$40,4,30
VZ16j6,Less than 1,<$20,0,10
1r2aA4,2,$20-$40,2,30
xdNWa5,3,$40-$60,3,50
8dplNk,4,$40-$60,4,50
BGbRXK,2,$80-$100,2,90
J2k4AK,2,$20-$40,2,30
NABZWj,2,$40-$60,2,50
1r2a91,3,$40-$60,3,50
42NbB5,Less than 1,$20-$40,0,30
aBrM5Z,1,$60-$80,1,70
0EjRN0,2,$20-$40,2,30
oAVjDN,4,>$100,4,150
pLP2dP,2,$20-$40,2,30
VZ16Qj,1,$20-$40,1,30
PABJa0,1,$20-$40,1,30
g5N6yK,2,$40-$60,2,50
NABZl0,2,$20-$40,2,30
AlbXve,2,$40-$60,2,50
GrBP6O,3,$40-$60,3,50
NABZoO,2,$60-$80,2,70
lNlErN,Less than 1,$20-$40,0,30
42NbxA,3,$40-$60,3,50
OABN7a,Less than 1,<$20,0,10
DVvGBE,Less than 1,$20-$40,0,30
LdMLRO,Less than 1,<$20,0,10
6dQBeN,1,$20-$40,1,30
5dqPWP,2,$40-$60,2,50
ZdRBEV,3,$40-$60,3,50
0EjW7A,3,$20-$40,3,30
0EjWOB,1,$20-$40,1,30
xdNWJd,4,$20-$40,4,30
dY2yNV,2,<$20,2,10
0EjR2Q,Less than 1,$20-$40,0,30
qbEla5,4,$40-$60,4,50
YZzAaW,More than 4,$20-$40,5,30
24x649,2,$20-$40,2,30
dY2yYK,2,$40-$60,2,50
DVvGNZ,2,$40-$60,2,50
MAdx5M,1,$40-$60,1,50
zKQ6eR,2,$60-$80,2,70
NABZ0l,2,<$20,2,10
vNx920,Less than 1,<$20,0,10
RzB9zj,2,>$100,2,150
9dJK1Q,2,$40-$60,2,50
J2k42R,2,$80-$100,2,90
ylqaq4,2,$20-$40,2,30
8dplpx,2,$40-$60,2,50
rlrZLl,1,$20-$40,1,30
eBxX20,2,$20-$40,2,30
DVvGDq,3,>$100,3,150
42NboO,1,$20-$40,1,30
dY2yPo,3,$40-$60,3,50
GrBPJo,2,$40-$60,2,50
zKQ6W1,1,$20-$40,1,30
EPbOJN,2,$40-$60,2,50
eBxXL0,1,$60-$80,1,70
EPbO04,1,$40-$60,1,50
PABql5,2,$20-$40,2,30
1r2aEp,2,$60-$80,2,70
1r2avQ,1,$40-$60,1,50
aBrMrq,2,$20-$40,2,30
5dqAEM,1,$40-$60,1,50
aBrMGB,2,$40-$60,2,50
PABqX5,1,$40-$60,1,50
ylqaop,2,$80-$100,2,90
5dqAeP,1,<$20,1,10
aBrMK9,2,<$20,2,10
MAdxOM,1,$60-$80,1,70
PABqbd,Less than 1,<$20,0,10
ZdRBP0,2,$20-$40,2,30
VZ16bE,2,$60-$80,2,70
VZ168g,2,$20-$40,2,30
xdNWPy,4,$40-$60,4,50
oAVjyx,2,$20-$40,2,30
ZdRBYz,1,$60-$80,1,70
6dQBOB,1,$40-$60,1,50
QABQr7,2,$20-$40,2,30
aBrM0v,1,<$20,1,10
bl4J62,2,$20-$40,2,30
ZdRBRy,More than 4,>$100,5,150
DVvGJq,2,$20-$40,2,30
42Nb1b,2,$80-$100,2,90
qbElY2,1,$40-$60,1,50
ZdRBZa,1,$20-$40,1,30
OABNzg,3,$80-$100,3,90
xdNW0o,2,$60-$80,2,70
xdNWPo,Less than 1,<$20,0,10
kYRPZR,1,<$20,1,10
J2k4D4,4,$40-$60,4,50
9dJKo1,2,$20-$40,2,30
kYRPpd,3,$60-$80,3,70
BGbRD5,2,$80-$100,2,90
rlrZlR,Less than 1,<$20,0,10
AlbXqk,2,$20-$40,2,30
rlrZKN,2,$40-$60,2,50
MAdxAA,Less than 1,<$20,0,10
AlbXWB,1,$60-$80,1,70
MAdxYp,2,$40-$60,2,50
oAVjKX,1,$40-$60,1,50
rlrZ2M,2,$20-$40,2,30
YZzAx6,1,$20-$40,1,30
bl4JY2,2,$40-$60,2,50
OABNdp,2,$40-$60,2,50
oAVjBP,1,<$20,1,10
WAp70N,1,$20-$40,1,30
LdM20v,1,$40-$60,1,50
lNlE46,1,$40-$60,1,50
lNlE0W,1,$60-$80,1,70
KMBj08,1,<$20,1,10
jB9VJ6,Less than 1,<$20,0,10
YZzAVq,3,>$100,3,150
jB9Vz9,1,$20-$40,1,30
0EjWPy,1,$20-$40,1,30
42NbpB,1,$80-$100,1,90
42NbGd,1,$20-$40,1,30
1r2aNO,2,$40-$60,2,50
PABq2b,2,$60-$80,2,70
NABZBQ,2,$80-$100,2,90
NABZLB,Less than 1,$40-$60,0,50
lNlENv,Less than 1,$20-$40,0,30
WAp7Pj,1,$60-$80,1,70
rlrZqL,2,$80-$100,2,90
kYRPxZ,2,$20-$40,2,30
24x6JL,2,$20-$40,2,30
AlbX9N,Less than 1,<$20,0,10
VZ16Zy,1,$60-$80,1,70
9dJK44,Less than 1,$20-$40,0,30
YZzAzd,3,$20-$40,3,30
RzB9gQ,2,$40-$60,2,50
XeBbB4,3,$40-$60,3,50
24x67A,2,$40-$60,2,50
zKQ6G8,1,<$20,1,10
qbElE7,3,$40-$60,3,50
PABqGd,Less than 1,<$20,0,10
qbElN8,1,$40-$60,1,50
9dJKWV,3,$80-$100,3,90
ylqa04,2,$20-$40,2,30
0EjWZ0,3,$20-$40,3,30
lNlEyv,2,$40-$60,2,50
g5Nok1,2,$60-$80,2,70
1r2a6L,2,$20-$40,2,30
g5NoNd,Less than 1,<$20,0,10
LdM2qy,2,$20-$40,2,30
DVvGYX,2,$60-$80,2,70
bl4JE6,2,$40-$60,2,50
xdNWLd,1,$20-$40,1,30
zKQ6gZ,Less than 1,<$20,0,10
QABQkk,1,<$20,1,10
OABNL7,1,$40-$60,1,50
24x6ge,2,$20-$40,2,30
NABZyp,2,$20-$40,2,30
jB9Vk6,Less than 1,<$20,0,10
VZ16y6,2,$20-$40,2,30
pLP24V,1,$20-$40,1,30
6dQBM5,1,$40-$60,1,50
24x6lA,2,$20-$40,2,30
rlrZQo,1,$60-$80,1,70
42NbNO,2,$60-$80,2,70
jB9VY1,1,<$20,1,10
RzB9kP,Less than 1,<$20,0,10
24x67b,2,$60-$80,2,70
YZzAZJ,1,$60-$80,1,70
zKQ6Za,3,<$20,3,10
g5NogM,3,$40-$60,3,50
VZ16MJ,2,<$20,2,10
pLP2Pb,1,$20-$40,1,30
LdM2NJ,2,$20-$40,2,30
bl4JOL,1,$40-$60,1,50
bl4Jy7,2,$40-$60,2,50
NABZv0,3,$80-$100,3,90
42NbLk,Less than 1,<$20,0,10
9dJKvp,2,$60-$80,2,70
6dQB4o,1,$60-$80,1,70
kYRPO6,4,$20-$40,4,30
ZdRBy5,2,$20-$40,2,30
oAVj01,1,$20-$40,1,30
AlbX8D,2,$20-$40,2,30
VZ16Mv,Less than 1,<$20,0,10
pLP261,3,$40-$60,3,50
vNx9Vg,2,$60-$80,2,70
vNx9K8,2,$40-$60,2,50
qbElBG,1,$20-$40,1,30
7d9kj6,1,$20-$40,1,30
KMBjkK,3,$60-$80,3,70
zKQ6Ja,1,$20-$40,1,30
AlbXOy,Less than 1,<$20,0,10
PABqr0,2,$40-$60,2,50
dY2yXr,1,$60-$80,1,70
jB9VrQ,Less than 1,<$20,0,10
GrBPq2,Less than 1,<$20,0,10
7d9k52,1,$40-$60,1,50
0EjW5A,2,$20-$40,2,30
KMBjGK,2,$20-$40,2,30
vNx9gX,2,$80-$100,2,90
bl4J4o,2,$20-$40,2,30
24x6Rb,1,$20-$40,1,30
dY2ygD,2,$60-$80,2,70
ylqar8,2,$60-$80,2,70
DVvG9l,Less than 1,$20-$40,0,30
RzB92v,1,$80-$100,1,90
jB9V7x,2,$40-$60,2,50
EPbO6L,2,$20-$40,2,30
jB9VB4,2,$60-$80,2,70
xdNWv9,4,$60-$80,4,70
5dqApP,2,$20-$40,2,30
LdM2k2,1,$20-$40,1,30
vNx9Lv,Less than 1,<$20,0,10
zKQ64k,2,$40-$60,2,50
5dqAko,3,$40-$60,3,50
pLP2zE,1,$40-$60,1,50
NABZQp,2,<$20,2,10
lNlE5V,1,$20-$40,1,30
VZ16Nl,2,$20-$40,2,30
0EjWyA,2,$40-$60,2,50
EPbOel,3,$40-$60,3,50
OABNKa,1,$60-$80,1,70
8dplAA,1,$20-$40,1,30
oAVjpN,1,$40-$60,1,50
1r2agg,2,$40-$60,2,50
EPbOgA,2,$60-$80,2,70
lNlEZX,1,$20-$40,1,30
5dqAgN,1,$40-$60,1,50
RzB9z9,1,$20-$40,1,30
5dqADQ,2,$80-$100,2,90
24x6ze,3,$20-$40,3,30
jB9V21,2,$20-$40,2,30
0EjWGP,1,$20-$40,1,30
aBrMxB,2,$60-$80,2,70
KMBjAg,1,$20-$40,1,30
AlbXGl,3,$40-$60,3,50
9dJKR1,2,$40-$60,2,50
LdM2E1,2,>$100,2,150
6dQBzA,2,$20-$40,2,30
dY2yKz,2,$20-$40,2,30
MAdxdX,1,$20-$40,1,30
6dQByN,1,$40-$60,1,50
dY2y1V,1,$40-$60,1,50
42NbAb,4,$20-$40,4,30
rlrZlN,1,$20-$40,1,30
VZ16xN,1,<$20,1,10
OABNdK,2,$40-$60,2,50
VZ16oa,4,$60-$80,4,70
zKQ6zR,1,$20-$40,1,30
NABZJQ,2,$20-$40,2,30
ylqa8X,2,<$20,2,10
KMBj2X,2,$20-$40,2,30
jB9VRa,1,$20-$40,1,30
aBrMLB,1,<$20,1,10
YZzAAJ,4,$40-$60,4,50
9dJK05,2,$20-$40,2,30
24x6G9,1,>$100,1,150
rlrZQ2,Less than 1,<$20,0,10
YZzA1B,2,$80-$100,2,90
xdNW7d,1,$40-$60,1,50
ylqaBg,Less than 1,$20-$40,0,30
jB9V84,1,$60-$80,1,70
vNx95D,2,$40-$60,2,50
LdM22p,2,$20-$40,2,30
NABZ2j,Less than 1,<$20,0,10
RzB9yj,2,$80-$100,2,90
qbElqg,2,$40-$60,2,50
GrBPPk,1,<$20,1,10
EPbOpX,2,$40-$60,2,50
6dQBgk,1,$20-$40,1,30
VZ16Wy,Less than 1,$20-$40,0,30
GrBP8o,1,$20-$40,1,30
MAdxWM,2,$20-$40,2,30
J2k4Po,2,$20-$40,2,30
GrBP2o,Less than 1,<$20,0,10
1r2a1W,2,$60-$80,2,70
AlbXXz,1,$40-$60,1,50
lNlExk,4,$40-$60,4,50
g5NoBl,1,>$100,1,150
LdM2A1,2,>$100,2,150
24x6QL,1,$20-$40,1,30
bl4pZ2,1,$20-$40,1,30
oAVj4V,1,$60-$80,1,70
QABQ6p,2,$20-$40,2,30
XeBbbY,3,$40-$60,3,50
24x62j,1,<$20,1,10
oAVjrV,1,<$20,1,10
aBrMWv,2,$40-$60,2,50
9dJK8Q,1,$20-$40,1,30
pLP2pB,4,$20-$40,4,30
24x6qV,Less than 1,$80-$100,0,90
EPbRKq,1,$40-$60,1,50
KMBEYM,1,$20-$40,1,30
qbElrG,4,$40-$60,4,50
1r2aol,1,$20-$40,1,30
RzB9XJ,2,$40-$60,2,50
rlrZ8R,1,$20-$40,1,30
5dq7BM,2,$20-$40,2,30
5dq7KM,2,$20-$40,2,30
oAVP61,Less than 1,<$20,0,10
1r2ajQ,2,$40-$60,2,50
5dq7bP,2,$20-$40,2,30
BGbRPN,1,$40-$60,1,50
YZzABW,2,$40-$60,2,50
zKQ6pq,1,<$20,1,10
zKQ9E8,1,$40-$60,1,50
vNxZPX,2,$20-$40,2,30
EPbRzo,2,$40-$60,2,50
9dJkGG,2,$40-$60,2,50
dY2yyK,2,>$100,2,150
42N6r5,1,$20-$40,1,30
eBxXOl,1,$20-$40,1,30
7d9krR,1,$20-$40,1,30
PABxD0,1,$20-$40,1,30
24x6qp,1,$20-$40,1,30
ZdR7OA,1,$20-$40,1,30
pLPEBP,2,$40-$60,2,50
YZzA85,2,>$100,2,150
AlbgPB,1,$20-$40,1,30
GrBPEL,2,$20-$40,2,30
OABNO7,1,$20-$40,1,30
dY2M0N,2,$20-$40,2,30
oAVP25,2,$20-$40,2,30
jB9RlY,1,$20-$40,1,30
6dQBXB,2,$40-$60,2,50
J2kPqY,2,$20-$40,2,30
EPbOGB,1,$20-$40,1,30
ylqQJ6,1,$40-$60,1,50
QABZ2g,1,$20-$40,1,30
bl4JPg,1,$20-$40,1,30
vNxZGA,2,$60-$80,2,70
YZz6ZN,1,$40-$60,1,50
0Ej9d0,1,$40-$60,1,50
AlbgBo,1,$40-$60,1,50
0Ej9BQ,2,$40-$60,2,50
1r2eXO,2,$20-$40,2,30
VZ16WM,2,$60-$80,2,70
vNx9oQ,2,$40-$60,2,50
GrBGvj,1,<$20,1,10
g5Nl9M,2,$20-$40,2,30
qbEl89,2,$60-$80,2,70
9dJkdE,1,<$20,1,10
VZ162v,2,$20-$40,2,30
bl4pVe,2,<$20,2,10
lNlG7v,2,$20-$40,2,30
aBrM8q,1,$80-$100,1,90
RzBNoP,1,$40-$60,1,50
EPbRQ2,2,$60-$80,2,70
xdNqrJ,4,$80-$100,4,90
GrBGlQ,1,$40-$60,1,50
ZdRB40,2,>$100,2,150
7d9AW2,2,$40-$60,2,50
PABqMQ,3,$40-$60,3,50
0Ej9V0,3,$80-$100,3,90
g5Nl5P,2,$60-$80,2,70
Albgdl,2,$20-$40,2,30
zKQ9ME,1,$80-$100,1,90
DVv85N,2,$60-$80,2,70
VZ1e8M,1,$20-$40,1,30
aBrLEb,2,$40-$60,2,50
24x6Wj,2,$20-$40,2,30
pLPEL1,3,$20-$40,3,30
qbErYG,4,$60-$80,4,70
6dQlWP,3,$60-$80,3,70
OAB2Aa,2,$40-$60,2,50
OAB2b7,2,$60-$80,2,70
vNxZMd,2,$40-$60,2,50
eBxXVe,2,$80-$100,2,90
DVvG6Z,Less than 1,$60-$80,0,70
QABQqX,Less than 1,<$20,0,10
GrBGXp,2,$20-$40,2,30
rlr4PX,1,$20-$40,1,30
LdMr0l,2,$40-$60,2,50
eBxJ00,2,<$20,2,10
zKQ90R,2,$40-$60,2,50
J2kPVo,2,$20-$40,2,30
42N6jr,3,$20-$40,3,30
qbErd5,1,$20-$40,1,30
8dpBAO,2,$20-$40,2,30
DVv81l,1,$20-$40,1,30
PABxBV,1,$40-$60,1,50
5dq7jb,1,$20-$40,1,30
1r2ePM,1,$40-$60,1,50
1r2e7b,2,$20-$40,2,30
ZdR71z,1,$20-$40,1,30
LdMrWJ,2,$20-$40,2,30
6dQlOJ,1,$20-$40,1,30
KMBEyk,3,$60-$80,3,70
bl4pNL,1,$20-$40,1,30
VZ162J,2,<$20,2,10
rlr4p5,3,$60-$80,3,70
6dQl1k,1,$60-$80,1,70
jB9R0a,1,$20-$40,1,30
5dq786,1,$40-$60,1,50
42N6zO,2,$60-$80,2,70
1r2erg,1,$40-$60,1,50
LdMrq2,2,$40-$60,2,50
MAd4VX,1,$20-$40,1,30
42N69k,1,$20-$40,1,30
PABxYe,3,$60-$80,3,70
GrBGy2,3,$60-$80,3,70
EPbRb4,2,$40-$60,2,50
ZdR7ya,1,$40-$60,1,50
bl4Jbo,1,$20-$40,1,30
lNlG96,1,$20-$40,1,30
ZdR7ga,1,$40-$60,1,50
xdNWOy,2,$40-$60,2,50
42N6Ro,2,$40-$60,2,50
zKQ9BZ,1,$20-$40,1,30
5dq7GE,2,$40-$60,2,50
g5NlDN,2,$40-$60,2,50
42N6Do,2,$20-$40,2,30
WApWXL,3,$20-$40,3,30
AlbgaB,2,$40-$60,2,50
xdNqlo,3,$20-$40,3,30
KMBE2z,2,$60-$80,2,70
5dq7xv,2,$40-$60,2,50
QABZZY,1,$40-$60,1,50
MAdx0p,2,$40-$60,2,50
WApWgP,2,$40-$60,2,50
eBxJ8J,1,$40-$60,1,50
42N6Ob,1,$20-$40,1,30
WApWkQ,2,<$20,2,10
KMBEEg,1,$20-$40,1,30
6dQldA,Less than 1,<$20,0,10
rlr40N,2,$40-$60,2,50
WApW6L,2,$40-$60,2,50
g5NlBD,2,$60-$80,2,70
QABZOp,1,$40-$60,1,50
KMBEgk,2,$20-$40,2,30
VZ1eAl,1,<$20,1,10
YZz62W,1,$20-$40,1,30
8dpBBl,1,$60-$80,1,70
VZ1e6j,Less than 1,$20-$40,0,30
WApWWe,1,$80-$100,1,90
rlr4e2,1,$20-$40,1,30
6dQlqY,1,$40-$60,1,50
8dpB2A,1,$40-$60,1,50
NABj2p,2,$20-$40,2,30
oAVPaM,2,$60-$80,2,70
DVv89p,2,$40-$60,2,50
jB9RLJ,2,$20-$40,2,30
rlrZXl,2,$20-$40,2,30
XeBbpg,2,$20-$40,2,30
ZdR7e0,2,$40-$60,2,50
WApWQJ,2,$20-$40,2,30
XeBaWz,1,$20-$40,1,30
xdNqzG,2,$20-$40,2,30
WApWxv,2,$40-$60,2,50
AlbgoD,2,$20-$40,2,30
dY2MBK,1,$20-$40,1,30
jB9jDa,1,$40-$60,1,50
jB9RO4,1,$40-$60,1,50
EPbRj4,Less than 1,<$20,0,10
8dpX1O,3,$40-$60,3,50
OAB6l8,2,$20-$40,2,30
J2kPNR,2,$40-$60,2,50
ylqBN4,2,$40-$60,2,50
LdMrQp,1,$20-$40,1,30
42N6WX,2,$20-$40,2,30
RzBAWd,1,$80-$100,1,90
oAVq21,1,$20-$40,1,30
BGbyPK,2,$20-$40,2,30
OAB648,2,$60-$80,2,70
KMB9Q8,2,$40-$60,2,50
rlr4zR,2,$40-$60,2,50
5dq7WE,2,<$20,2,10
eBxV50,2,<$20,2,10
vNxlyd,2,$60-$80,2,70
LdMePG,2,$20-$40,2,30
EPbRyr,2,<$20,2,10
vNxZ70,2,$20-$40,2,30
9dJ8D1,1,$20-$40,1,30
WApLzP,2,$20-$40,2,30
9dJ8Np,Less than 1,<$20,0,10
AlbEzk,1,$40-$60,1,50
MAdWKM,1,$20-$40,1,30
EPb2PL,4,$60-$80,4,70
xdNAp9,2,$40-$60,2,50
5dqJKo,Less than 1,$20-$40,0,30
rlrejl,1,$40-$60,1,50
7d9yRP,1,$20-$40,1,30
rlre6L,2,$20-$40,2,30
DVvjzj,1,$40-$60,1,50
dY2Oqo,2,$40-$60,2,50
AlbE6y,Less than 1,$20-$40,0,30
J2kQlJ,1,$20-$40,1,30
EPb20A,1,$40-$60,1,50
BGbrD1,1,$80-$100,1,90
RzBABK,Less than 1,<$20,0,10
oAVqB5,2,$40-$60,2,50
xdNAQE,1,>$100,1,150
1r2LM4,1,$20-$40,1,30
rlredX,2,$20-$40,2,30
vNxlql,2,$40-$60,2,50
XeBplg,1,$20-$40,1,30
EPb2do,1,$40-$60,1,50
24xW0D,2,$20-$40,2,30
oAVqvP,1,$20-$40,1,30
J2kQMR,1,$20-$40,1,30
lNlxDk,2,$20-$40,2,30
ylqBx6,1,$20-$40,1,30
GrBZqL,1,$40-$60,1,50
lNlxzk,2,<$20,2,10
ZdRMve,1,$20-$40,1,30
jB9jga,1,$40-$60,1,50
aBrRzB,1,<$20,1,10
oAVq0b,1,$40-$60,1,50
XeBpQg,1,$20-$40,1,30
pLPQ48,2,$80-$100,2,90
6dQgAY,4,$80-$100,4,90
xdNAoy,2,<$20,2,10
ylqBoX,Less than 1,<$20,0,10
eBxV8q,1,$40-$60,1,50
oAVqa1,Less than 1,<$20,0,10
24xpyV,3,$80-$100,3,90
0EjKGN,1,$60-$80,1,70
1r2LyW,4,$80-$100,4,90
NABavG,2,$40-$60,2,50
YZz1bq,1,$40-$60,1,50
EPb2gX,1,$80-$100,1,90
PAB78B,3,$60-$80,3,70
8dpX8r,1,$20-$40,1,30
WApLda,Less than 1,$40-$60,0,50
0EjKy6,2,$20-$40,2,30
YZz1A0,Less than 1,<$20,0,10
xdNA59,1,$20-$40,1,30
dY2Ooz,2,$40-$60,2,50
NABaRj,2,$40-$60,2,50
QABbZl,2,$20-$40,2,30
5dqJoM,3,$80-$100,3,90
rlreXp,2,$20-$40,2,30
8dpXYA,Less than 1,$20-$40,0,30
KMB9AM,2,$40-$60,2,50
WApLLL,3,$20-$40,3,30
AlbEVy,2,$40-$60,2,50
vNxl7g,1,>$100,1,150
GrBZNe,2,$60-$80,2,70
YZz18v,1,$20-$40,1,30
7d9yy6,3,$20-$40,3,30
ylqB1g,1,$40-$60,1,50
PAB7M1,2,<$20,2,10
zKQVxM,1,$60-$80,1,70
lNlx8p,2,$40-$60,2,50
5dqNjo,1,$60-$80,1,70
jB9j11,3,$40-$60,3,50
5dqJYM,3,$80-$100,3,90
kYR2Dr,Less than 1,<$20,0,10
zKQV7a,2,>$100,2,150
8dp9Nz,Less than 1,$60-$80,0,70
vNxlRX,4,$60-$80,4,70
9dJe7p,3,$80-$100,3,90
VZ1Kkj,2,$20-$40,2,30
WAp48j,3,$40-$60,3,50
MAdWMA,More than 4,$80-$100,5,90
xdNGXv,2,$20-$40,2,30
PABo6b,2,$20-$40,2,30
OAB6OM,2,$40-$60,2,50
kYR2Ld,1,$40-$60,1,50
0Ej4MZ,1,$40-$60,1,50
BGbvpQ,3,$20-$40,3,30
8dp9L5,4,$60-$80,4,70
EPbpKr,2,$40-$60,2,50
MAd0AX,More than 4,$80-$100,5,90
DVvLzq,3,$80-$100,3,90
XeBjEd,2,$40-$60,2,50
OABRPK,3,$40-$60,3,50
qbEyL9,Less than 1,<$20,0,10
AlbkDW,3,$80-$100,3,90
bl4axo,1,$20-$40,1,30
DVvLV5,1,>$100,1,150
8dp9jk,Less than 1,<$20,0,10
24x2LA,2,$40-$60,2,50
GrBM1j,2,$40-$60,2,50
1r2L1g,1,$40-$60,1,50
9dJelG,More than 4,$60-$80,5,70
xdNG0E,2,$40-$60,2,50
24x2vA,2,$40-$60,2,50
LdM8M2,3,$40-$60,3,50
jB9KW6,4,$20-$40,4,30
NABz8N,3,$20-$40,3,30
bl4aL2,1,$20-$40,1,30
J2ky8z,3,$40-$60,3,50
ZdRxV0,1,$20-$40,1,30
PABo0Q,3,$40-$60,3,50
0Ej4lB,2,$20-$40,2,30
QABGxl,More than 4,$60-$80,5,70
24x2DM,2,$40-$60,2,50
MAd0qA,1,$20-$40,1,30
ZdRxgB,2,$60-$80,2,70
lNlp2B,1,>$100,1,150
RzBOa9,Less than 1,<$20,0,10
GrBMjZ,2,$40-$60,2,50
YZz2Ad,2,$60-$80,2,70
dY274o,1,$20-$40,1,30
PABoP1,1,<$20,1,10
GrBMEp,2,$40-$60,2,50
NABz2Q,3,$80-$100,3,90
g5NB6d,2,<$20,2,10
aBrWJv,3,$40-$60,3,50
42NZA5,2,>$100,2,150
RzBOyJ,2,$80-$100,2,90
lNlp8B,2,$20-$40,2,30
EPbp2o,1,$20-$40,1,30
VZ1rGy,Less than 1,<$20,0,10
kYRqad,3,$20-$40,3,30
0Ej4X0,2,<$20,2,10
eBxbko,2,$40-$60,2,50
bl4P96,1,$80-$100,1,90
MAd0WY,2,$40-$60,2,50
9dJe8G,Less than 1,<$20,0,10
vNxkjX,Less than 1,<$20,0,10
VZ1rXg,Less than 1,<$20,0,10
zKQVV8,2,$60-$80,2,70
QABGgl,More than 4,$60-$80,5,70
EPb9ll,1,<$20,1,10
24x26V,2,$40-$60,2,50
AlbZBe,1,$40-$60,1,50
ylqLXd,1,$20-$40,1,30
qbEyyd,1,$60-$80,1,70
KMBbM8,1,<$20,1,10
9dJVXE,2,$40-$60,2,50
zKQl7M,1,$20-$40,1,30
pLParP,2,$40-$60,2,50
VZ1g0g,1,$40-$60,1,50
GrBW9e,2,$20-$40,2,30
aBrWpq,3,$40-$60,3,50
5dqRxZ,1,$20-$40,1,30
jB9Ne1,2,$20-$40,2,30
KMBbo8,2,$60-$80,2,70
DVvQKl,1,<$20,1,10
dY2rYo,1,$60-$80,1,70
24x2Jb,4,$40-$60,4,50
ylqL9x,2,<$20,2,10
BGbNGQ,1,$60-$80,1,70
g5N2AO,1,$20-$40,1,30
eBx4zJ,1,$20-$40,1,30
VZ1gxN,3,$40-$60,3,50
EPb9Y2,Less than 1,$20-$40,0,30
XeBX9e,2,$20-$40,2,30
oAVWQN,More than 4,$60-$80,5,70
6dQoVo,2,$80-$100,2,90
NABzGb,1,$40-$60,1,50
EPb9El,2,>$100,2,150
pLPgv1,Less than 1,$20-$40,0,30
24x2lM,1,$20-$40,1,30
OABRKR,2,$60-$80,2,70
24xpWb,1,$20-$40,1,30
lNlxeW,3,$20-$40,3,30
OAB6ER,1,<$20,1,10
DVvQbX,2,$20-$40,2,30
jB9jR9,2,$40-$60,2,50
KMBbAX,2,$40-$60,2,50
rlr7bo,2,$40-$60,2,50
J2k7jK,Less than 1,<$20,0,10
ZdR0bB,1,<$20,1,10
bl4P1Z,Less than 1,$20-$40,0,30
bl4Pag,2,$20-$40,2,30
1r28gg,4,$80-$100,4,90
BGbNr5,3,<$20,3,10
GrBWAZ,2,$40-$60,2,50
xdNKWr,1,$20-$40,1,30
9dJVkQ,2,$40-$60,2,50
OABvZY,1,$20-$40,1,30
42NeJo,4,$40-$60,4,50
ylqV46,1,$20-$40,1,30
pLP8oy,2,$20-$40,2,30
5dqW9v,1,$20-$40,1,30
ylqVl8,1,$40-$60,1,50
0EjNE9,1,$60-$80,1,70
kYRMEZ,2,$40-$60,2,50
8dp7Zk,Less than 1,$20-$40,0,30
WApxEL,1,$20-$40,1,30
EPbyLB,2,$20-$40,2,30
xdNOZv,2,$40-$60,2,50
24x02L,2,$40-$60,2,50
WApxeN,1,$20-$40,1,30
J2k5Vo,2,$20-$40,2,30
VZ129g,1,$40-$60,1,50
NABGBl,1,$40-$60,1,50
VZ12oJ,2,$40-$60,2,50
J2k5Md,2,$20-$40,2,30
EPbyvX,1,$20-$40,1,30
oAVXgX,3,$40-$60,3,50
qbE0ek,1,$20-$40,1,30
g5NKXM,1,$20-$40,1,30
24xQRp,1,<$20,1,10
xdNO19,Less than 1,$20-$40,0,30
vNxoVX,Less than 1,<$20,0,10
24xQGe,1,$20-$40,1,30
eBxkrJ,2,$40-$60,2,50
rlrzbp,1,$40-$60,1,50
xdNOWd,1,$40-$60,1,50
qbE09g,1,$20-$40,1,30
VZ12rM,3,$40-$60,3,50
GrB8jz,2,$20-$40,2,30
pLPlbq,2,$20-$40,2,30
24xM8L,3,$20-$40,3,30
QABP67,2,$80-$100,2,90
6dQaoJ,2,$40-$60,2,50
PABVZx,2,$40-$60,2,50
OABWXK,2,$20-$40,2,30
ylqWYp,2,$20-$40,2,30
VZ1kGv,2,$20-$40,2,30
bl40qo,Less than 1,<$20,0,10
NABelG,1,$20-$40,1,30
5dqy9M,2,$40-$60,2,50
kYRVEJ,1,$60-$80,1,70
Alb1GN,2,<$20,2,10
rlrxo5,2,$20-$40,2,30
OABW5A,1,$20-$40,1,30
zKQPpR,2,$40-$60,2,50
WApvYR,Less than 1,$20-$40,0,30
xdNOlo,1,<$20,1,10
NABe7W,2,$40-$60,2,50
aBr8zB,2,$40-$60,2,50
MAd98k,2,$40-$60,2,50
xdNel5,3,$60-$80,3,70
xdNe6r,Less than 1,<$20,0,10
42NgdO,2,$40-$60,2,50
5dqyVo,2,$20-$40,2,30
QAB6JY,1,$40-$60,1,50
DVvlbq,1,<$20,1,10
qbE2M2,1,$40-$60,1,50
5dqyoM,Less than 1,<$20,0,10
24xMzp,2,$80-$100,2,90
RzB7Qp,Less than 1,$20-$40,0,30
GrB2GQ,2,$20-$40,2,30
MAd9WE,1,$20-$40,1,30
oAV4YX,2,$40-$60,2,50
g5NRxN,1,$60-$80,1,70
42NgM5,2,$20-$40,2,30
lNlPqW,1,$20-$40,1,30
aBr8JE,1,$60-$80,1,70
42Ne8r,1,$20-$40,1,30
LdMQxO,2,$20-$40,2,30
XeBK0d,1,$20-$40,1,30
ZdRpqV,3,$40-$60,3,50
24xM5V,2,$20-$40,2,30
9dJzzE,1,$40-$60,1,50
dY258K,4,$40-$60,4,50
YZzEjJ,3,$20-$40,3,30
PABMpV,More than 4,$20-$40,5,30
xdNkX5,Less than 1,$20-$40,0,30
LdMA7v,1,$20-$40,1,30
XeBKZP,2,$60-$80,2,70
jB9dPx,2,$60-$80,2,70
42NWaY,2,$40-$60,2,50
KMBq7X,1,$40-$60,1,50
oAVry1,1,>$100,1,150
QABgJk,2,$40-$60,2,50
DVvl6p,2,$20-$40,2,30
8dpveY,2,$40-$60,2,50
DVvrvp,2,$60-$80,2,70
ylqKZX,1,$20-$40,1,30
VZ1RYl,2,$40-$60,2,50
rlrNpR,1,$40-$60,1,50
vNx710,Less than 1,$40-$60,0,50
DVvrMl,3,$80-$100,3,90
bl4B20,2,$60-$80,2,70
WApGZk,2,$20-$40,2,30
7d9BgZ,4,$20-$40,4,30
PABaYx,3,$40-$60,3,50
GrBNyk,2,$80-$100,2,90
vNx7pD,1,>$100,1,150
24xqzL,More than 4,>$100,5,150
jB9O5J,2,$40-$60,2,50
aBrbpq,2,<$20,2,10
rlrx85,1,$20-$40,1,30
eBxdOE,2,$20-$40,2,30
BGbO2e,1,$20-$40,1,30
NABKaW,2,$40-$60,2,50
g5NyOD,2,$40-$60,2,50
ylqKLW,2,$60-$80,2,70
ylqK54,2,$40-$60,2,50
ZdR4pA,2,$80-$100,2,90
jB9dOY,1,$20-$40,1,30
1r2ZLO,1,$80-$100,1,90
qbYZaO,2,$60-$80,2,70
AlboEW,2,$20-$40,2,30
BGL4dR,1,$40-$60,1,50
jB0DlJ,1,$20-$40,1,30
eBNZDx,Less than 1,<$20,0,10
J2VKAR,2,$20-$40,2,30
jB0DQ4,Less than 1,<$20,0,10
0Ebr79,2,$40-$60,2,50
qbYZR9,1,$40-$60,1,50
yl0ZDB,3,$20-$40,3,30
xd0xPo,1,$60-$80,1,70
XeRlWY,1,$40-$60,1,50
eBNZA0,2,$20-$40,2,30
aBjN4X,1,<$20,1,10
VZ9EVv,1,<$20,1,10
yl0Zep,2,$40-$60,2,50
dYZqdK,1,$20-$40,1,30
Al6PLz,2,$80-$100,2,90
eBNZzJ,1,$20-$40,1,30
J2VKGX,2,$20-$40,2,30
PABaAP,2,$20-$40,2,30
YZoDgv,1,$80-$100,1,90
ZdG5yV,1,$20-$40,1,30
QAx2qG,1,$20-$40,1,30
bl2Vy6,2,$40-$60,2,50
Grovo2,1,<$20,1,10
0Ebry9,1,$20-$40,1,30
PA2jNB,2,$20-$40,2,30
VZ9Eyj,1,$40-$60,1,50
WAe9GJ,3,$60-$80,3,70
eBNZdq,1,$80-$100,1,90
BGL4r5,1,$20-$40,1,30
KMPQ9A,3,$20-$40,3,30
1rbP1M,1,<$20,1,10
EPBkqq,3,>$100,3,150
MArKXl,1,$40-$60,1,50
24bEBg,2,$40-$60,2,50
yl0PXW,1,$40-$60,1,50
zK0xYg,2,$60-$80,2,70
RzZG44,1,$40-$60,1,50
42142r,2,$20-$40,2,30
BGLzXe,3,$60-$80,3,70
MAreLA,2,$60-$80,2,70
OAjDGM,1,$40-$60,1,50
jB0aW4,1,$20-$40,1,30
dYZWjK,2,$40-$60,2,50
pLPjdJ,2,$40-$60,2,50
EPBkPl,Less than 1,$20-$40,0,30
0EbQbN,1,$20-$40,1,30
yl0PeB,Less than 1,<$20,0,10
8dJ1rA,Less than 1,<$20,0,10
4214qo,1,$40-$60,1,50
aBjQgW,2,$60-$80,2,70
aBjQyy,1,$40-$60,1,50
jB0ap9,2,$40-$60,2,50
7dJRez,1,$40-$60,1,50
BGLz71,2,$60-$80,2,70
NA4p5W,1,$40-$60,1,50
lNlQkv,2,$20-$40,2,30
8dJoAY,2,$20-$40,2,30
6d18yo,Less than 1,<$20,0,10
dYZWer,1,$20-$40,1,30
YZo58J,3,>$100,3,150
8dJ175,1,<$20,1,10
XeRxKg,1,$80-$100,1,90
rl0jRp,1,$40-$60,1,50
MAr1DY,Less than 1,<$20,0,10
rl0DO5,2,$40-$60,2,50
bl2Z70,1,<$20,1,10
421a7B,1,<$20,1,10
vN0XBX,More than 4,$20-$40,5,30
yl0XYW,1,$20-$40,1,30
NA4q0p,1,$20-$40,1,30
7dJXK9,3,$40-$60,3,50
WAeJek,2,>$100,2,150
Al6rdo,1,$20-$40,1,30
yl0Xdg,2,$40-$60,2,50
KMPpk8,Less than 1,<$20,0,10
rl0DJN,Less than 1,<$20,0,10
6d1DWJ,Less than 1,<$20,0,10
zK0EJk,1,<$20,1,10
8dJNGr,2,>$100,2,150
XeR5zg,1,$20-$40,1,30
bl25aZ,2,$40-$60,2,50
xd0Vgo,3,$60-$80,3,70
9d6NaY,3,$20-$40,3,30
g5QbLJ,2,$20-$40,2,30
OAjQg8,1,$20-$40,1,30
PA2RWQ,1,$40-$60,1,50
PA2RLd,2,<$20,2,10
qbY58k,2,$60-$80,2,70
LdEDeJ,1,$40-$60,1,50
g5QbEJ,2,$40-$60,2,50
xd0VLG,2,$20-$40,2,30
RzZWAQ,1,$80-$100,1,90
kY0bMr,2,$20-$40,2,30
YZojoW,3,$20-$40,3,30
0EbV9P,2,$20-$40,2,30
oA09Xb,1,$40-$60,1,50
bl2ZB1,3,$80-$100,3,90
jB0ZZa,2,$20-$40,2,30
dYZENo,2,$40-$60,2,50
aBj94v,2,$20-$40,2,30
pL0ryq,1,$40-$60,1,50
qbYLA2,1,$40-$60,1,50
24bX4p,1,<$20,1,10
oA0E9P,2,$40-$60,2,50
PA2pOb,1,$40-$60,1,50
eBNMEE,3,$60-$80,3,70
XeRLLg,2,$20-$40,2,30
yl0Mjd,Less than 1,<$20,0,10
1rbXOl,3,$80-$100,3,90
Al6zN0,2,$20-$40,2,30
24bXgj,2,$20-$40,2,30
YZoPDW,Less than 1,$20-$40,0,30
lN0BYo,2,$40-$60,2,50
yl0Mgx,3,$40-$60,3,50
dYZEVo,Less than 1,<$20,0,10
jB0Z4E,2,<$20,2,10
Al6zgW,1,$60-$80,1,70
9d6BKG,Less than 1,<$20,0,10
vN0rj4,2,$40-$60,2,50
LdEZRv,2,$20-$40,2,30
RzZxOP,3,<$20,3,10
dYZELD,Less than 1,<$20,0,10
oA0D9b,2,$60-$80,2,70
DVXKql,2,$40-$60,2,50
MArXjX,2,$80-$100,2,90
7dJbL0,1,$40-$60,1,50
OAjlzR,Less than 1,<$20,0,10
0Eb7MN,2,$40-$60,2,50
qbYaBY,1,$40-$60,1,50
aBjeBv,1,$20-$40,1,30
RzZd4d,1,$20-$40,1,30
yl0Nx4,2,$20-$40,2,30
VZ9j8J,1,$40-$60,1,50
XeRrBO,1,<$20,1,10
ZdG8b0,4,>$100,4,150
XeRrOd,2,$60-$80,2,70
6d1eA5,1,<$20,1,10
kY09zd,3,$20-$40,3,30
6d1epo,2,$80-$100,2,90
bl29y1,1,>$100,1,150
lN0qY6,3,$20-$40,3,30
RzZd2Q,2,$20-$40,2,30
eBND8k,Less than 1,$20-$40,0,30
lN0BDN,1,$40-$60,1,50
24bXyj,1,$40-$60,1,50
RzZdlK,2,$60-$80,2,70
YZoR15,2,$40-$60,2,50
g5QeBd,Less than 1,<$20,0,10
kY09M6,3,$20-$40,3,30
XeRJxV,3,$40-$60,3,50
EPBddA,2,<$20,2,10
kY0eNZ,3,$40-$60,3,50
VZ9QGl,2,$40-$60,2,50
vN0eAl,3,$80-$100,3,90
EPBdQl,2,$20-$40,2,30
RzZM8d,1,$20-$40,1,30
QAxe0G,1,<$20,1,10
RzZMvJ,3,$20-$40,3,30
8dJapO,2,$60-$80,2,70
dYZaZq,1,$20-$40,1,30
pL0y5E,1,$20-$40,1,30
8dJa6x,2,$40-$60,2,50
7dJLP9,3,>$100,3,150
DVXkPX,4,$40-$60,4,50
ZdGEWv,Less than 1,<$20,0,10
6d1jYN,1,<$20,1,10
EPBde2,2,$60-$80,2,70
WAeEMN,2,$20-$40,2,30
PA21Nx,1,<$20,1,10
jB06VJ,2,$20-$40,2,30
OAj46g,2,$40-$60,2,50
KMP57A,2,$60-$80,2,70
bl2j0g,Less than 1,<$20,0,10
PA29Rb,Less than 1,<$20,0,10
KMPxY7,3,$40-$60,3,50
9d6ZDK,1,$20-$40,1,30
zK0M20,1,$20-$40,1,30
MAra58,2,$60-$80,2,70
jB0ovx,3,>$100,3,150
dYZ08o,Less than 1,<$20,0,10
PA29Pb,1,$20-$40,1,30
xd0Dlr,Less than 1,<$20,0,10
J2VlWo,4,$40-$60,4,50
dYZ0pA,1,$20-$40,1,30
aBj40Z,3,$20-$40,3,30
7dJKYz,2,$40-$60,2,50
MAraqY,3,$20-$40,3,30
WAeRaL,1,$20-$40,1,30
XeRoaz,1,$20-$40,1,30
VZ9Pya,2,$40-$60,2,50
24bAoL,1,$20-$40,1,30
6d1KqA,2,$20-$40,2,30
WAeRxk,1,<$20,1,10
5dl90b,2,$40-$60,2,50
OAjXOY,2,$40-$60,2,50
RzZojd,1,$60-$80,1,70
24bA0e,2,$40-$60,2,50
421KXY,More than 4,<$20,5,10
oA026x,3,$20-$40,3,30
8dJZzO,1,$20-$40,1,30
8dJZN5,More than 4,$20-$40,5,30
EPBxxN,2,$20-$40,2,30
6d1Zx5,2,$20-$40,2,30
lN060X,1,<$20,1,10
421K15,3,$40-$60,3,50
WAeRVL,3,$20-$40,3,30
7dJN5Z,Less than 1,<$20,0,10
J2VOgo,2,$60-$80,2,70
eBNRqx,2,$40-$60,2,50
9d67bK,Less than 1,$40-$60,0,50
421r7Y,3,$20-$40,3,30
WAezOe,1,$20-$40,1,30
YZoajN,Less than 1,<$20,0,10
EPBWPX,2,$20-$40,2,30
24bX0b,1,$20-$40,1,30
LdEPgv,Less than 1,<$20,0,10
BGL7D7,2,$40-$60,2,50
QAxRll,1,<$20,1,10
LdEpLj,1,$20-$40,1,30
eBNRJO,3,$20-$40,3,30
rl0Pev,3,$20-$40,3,30
6d1NEP,1,$40-$60,1,50
pL0OXB,2,$40-$60,2,50
rl0ABp,2,$20-$40,2,30
oA0MD5,2,$40-$60,2,50
421x2Y,1,<$20,1,10
PA25pP,1,$40-$60,1,50
bl2xOZ,Less than 1,<$20,0,10
VZ9Jzy,2,$60-$80,2,70
Al6Lvy,1,$20-$40,1,30
aBjYvE,2,$20-$40,2,30
VZ95xl,2,$40-$60,2,50
GrodaO,2,$40-$60,2,50
EPBQjN,2,$20-$40,2,30
7dJ26P,2,$20-$40,2,30
PA26z0,3,$80-$100,3,90
PA2690,1,$20-$40,1,30
OAj56R,3,$20-$40,3,30
jB0yy1,1,<$20,1,10
LdEbJl,2,$20-$40,2,30
7dJW4R,2,$40-$60,2,50
OAjzjg,2,$40-$60,2,50
dYZ62d,4,$60-$80,4,70
KMP6W8,1,$20-$40,1,30
GrozzO,1,<$20,1,10
RzZ0Y4,2,$60-$80,2,70
8dJQar,2,$40-$60,2,50
KMPl5D,2,$20-$40,2,30
qbYDVO,3,$60-$80,3,70
PA2D2d,3,$40-$60,3,50
WAeN6Q,2,$40-$60,2,50
8dJKgY,3,$20-$40,3,30
DVXNop,1,$20-$40,1,30
YZoQK6,2,$40-$60,2,50
ZdGNey,3,$20-$40,3,30
zK0qVk,2,$20-$40,2,30
Al6dOW,2,$20-$40,2,30
RzZ01P,3,$20-$40,3,30
VZ90e6,Less than 1,<$20,0,10
zK0qR8,2,<$20,2,10
J2V26Y,1,$20-$40,1,30
RzZzMJ,Less than 1,$20-$40,0,30
XeReMe,2,$40-$60,2,50
bl2lkE,1,$40-$60,1,50
oA0AgP,1,$60-$80,1,70
RzZzg9,3,$20-$40,3,30
QAxAqg,2,$40-$60,2,50
Al6lgN,2,$40-$60,2,50
RzZ4x4,Less than 1,$20-$40,0,30
bl2klo,2,$80-$100,2,90
KMPMg8,1,$20-$40,1,30
PA2Eq5,1,$20-$40,1,30
24brbV,3,$20-$40,3,30
vN020Q,2,$60-$80,2,70
yl0D7W,1,$20-$40,1,30
xd0Z4G,2,$60-$80,2,70
pL0VEB,Less than 1,$20-$40,0,30
PA2E9V,1,$20-$40,1,30
lN0LKk,2,$20-$40,2,30
RzZYXK,2,$40-$60,2,50
oA0dW5,Less than 1,<$20,0,10
OAjJ0K,2,$20-$40,2,30
yl0EqW,1,<$20,1,10
rl0dJp,2,$20-$40,2,30
zK0rl8,Less than 1,<$20,0,10
QAxB11,4,$20-$40,4,30
7dJ9VA,2,$40-$60,2,50
kY005o,1,$20-$40,1,30
8dJJGz,2,$80-$100,2,90
zK00O8,2,$80-$100,2,90
6d1rZe,2,$40-$60,2,50
RzZv5d,Less than 1,<$20,0,10
PA2krV,2,$60-$80,2,70
BGL0v1,1,$60-$80,1,70
0EbG0A,2,$20-$40,2,30
QAxXXp,2,>$100,2,150
VZ9yLy,4,$80-$100,4,90
dYZVYz,2,$20-$40,2,30
421dxO,2,$40-$60,2,50
g5QpyD,1,$20-$40,1,30
ZdGyJa,1,$20-$40,1,30
6d159J,2,<$20,2,10
9d6yGX,2,$20-$40,2,30
EPBEDN,2,$40-$60,2,50
OAj9JK,1,$20-$40,1,30
VZ9APy,3,$40-$60,3,50
zK02pE,2,$40-$60,2,50
pL09rJ,1,$20-$40,1,30
vN01zX,2,$40-$60,2,50
dYZ1Ly,3,$40-$60,3,50
yl0p26,1,$40-$60,1,50
xd0LMk,1,$40-$60,1,50
0EbyNZ,1,$40-$60,1,50
EPBrrA,1,$40-$60,1,50
dYZ4Lq,2,$40-$60,2,50
aBjPVB,3,$20-$40,3,30
WAeXWR,2,$60-$80,2,70
Al6NMo,Less than 1,$20-$40,0,30
RzZQG9,3,$40-$60,3,50
pL0X88,1,$20-$40,1,30
YZoXgd,1,<$20,1,10
Al6Ypk,1,$20-$40,1,30
xd07Jo,3,$20-$40,3,30
XeRdOY,2,$20-$40,2,30
421Y15,2,$80-$100,2,90
yl0pvg,2,$20-$40,2,30
kY04pR,2,$60-$80,2,70
WAe6Bj,Less than 1,<$20,0,10
EPBGrX,2,$20-$40,2,30
GroVAj,3,$60-$80,3,70
RzZQyl,2,$20-$40,2,30
YZob20,2,$20-$40,2,30
VZ9aKE,1,$40-$60,1,50
4210X5,3,$60-$80,3,70
BGLoze,2,$40-$60,2,50
kY04Md,2,$40-$60,2,50
yl0bW6,2,$20-$40,2,30
bl2RdL,1,$60-$80,1,70
jB0r8R,1,$60-$80,1,70
EPBVKl,2,$80-$100,2,90
aBjJeX,2,$60-$80,2,70
MArZAp,3,$40-$60,3,50
Al6YG0,1,$20-$40,1,30
xd0byG,1,<$20,1,10
ZdGkZA,1,<$20,1,10
xd0bvk,1,$40-$60,1,50
421Yyk,1,$40-$60,1,50
vN069v,1,$40-$60,1,50
QAx9Ol,2,$40-$60,2,50
zK0B5a,1,$20-$40,1,30
7dJ0a6,1,$40-$60,1,50
bl2RPe,1,$60-$80,1,70
LdExxv,2,$20-$40,2,30
xd0bKG,1,$20-$40,1,30
ZdGb5v,1,$20-$40,1,30
aBjpNy,2,$80-$100,2,90
7dJ7L2,3,$40-$60,3,50
ZdGb8A,3,$40-$60,3,50
WAeaYN,2,$40-$60,2,50
421lqd,3,$60-$80,3,70
KMPrWM,1,$60-$80,1,70
NA42jj,2,$20-$40,2,30
5dlaPZ,1,<$20,1,10
1rbQLl,3,$80-$100,3,90
VZ9WWj,2,<$20,2,10
J2VE7o,3,$40-$60,3,50
pL0prV,Less than 1,<$20,0,10
8dJbO5,1,$20-$40,1,30
MArpbE,4,$20-$40,4,30
EPB7JB,2,$20-$40,2,30
bl2QVo,2,$20-$40,2,30
1rbogO,2,$60-$80,2,70
ZdGrXv,1,$20-$40,1,30
5dlP0b,3,$40-$60,3,50
yl0574,2,$40-$60,2,50
7dJYrL,3,<$20,3,10
pL0p0B,Less than 1,$40-$60,0,50
NA41kO,1,$40-$60,1,50
RzZ9Md,2,$80-$100,2,90
EPBVEB,2,$20-$40,2,30
LdE2P1,2,$20-$40,2,30
1rbav4,2,$80-$100,2,90
qbYlJg,1,$60-$80,1,70
24b6lD,3,$60-$80,3,70
YZolB0,Less than 1,<$20,0,10
WAe71v,1,$20-$40,1,30
5dlAod,2,$40-$60,2,50
J2V4BR,1,$40-$60,1,50
6d1Bx5,1,$40-$60,1,50
aBjMgv,1,$20-$40,1,30
LdE2B1,More than 4,>$100,5,150
GroPMQ,2,$40-$60,2,50
8dJlOk,1,$40-$60,1,50
yl0aKd,1,$80-$100,1,90
LdE2AJ,1,$20-$40,1,30
ZdG7oB,3,$80-$100,3,90
OAj2QY,1,$20-$40,1,30
QAxZKY,2,$20-$40,2,30
VZ9eEj,2,$20-$40,2,30
QAxZoX,1,$20-$40,1,30
24bWa9,2,$20-$40,2,30
RzZNGK,2,$40-$60,2,50
kY0o0j,1,$20-$40,1,30
EPBO42,2,$40-$60,2,50
LdErgl,4,>$100,4,150
dYZM4K,2,$40-$60,2,50
4216Gr,1,$40-$60,1,50
OAj2P8,2,$40-$60,2,50
g5Ql6l,Less than 1,$20-$40,0,30
1rbQAL,2,$20-$40,2,30
PA2xLe,1,$20-$40,1,30
zK09P8,1,$40-$60,1,50
MArW1E,2,$40-$60,2,50
J2VQK7,2,$40-$60,2,50
KMPEj7,2,$60-$80,2,70
zK09M0,2,$40-$60,2,50
kY0oQe,2,$20-$40,2,30
J2VQqz,Less than 1,<$20,0,10
OAj6lM,2,$20-$40,2,30
YZo1QW,2,>$100,2,150
ZdGM2V,2,<$20,2,10
pL0QyP,2,$20-$40,2,30
ZdGMlo,1,<$20,1,10
g5QEA4,3,$20-$40,3,30
kY02eZ,2,$40-$60,2,50
bl2oOL,2,$60-$80,2,70
xd0APy,3,$80-$100,3,90
EPB28o,1,<$20,1,10
24bpOV,2,>$100,2,150
EPB2bN,3,$60-$80,3,70
LdEeGp,2,$20-$40,2,30
MArWLM,Less than 1,<$20,0,10
yl0QNX,1,$40-$60,1,50
rl0ek5,3,$40-$60,3,50
bl2oKe,2,>$100,2,150
NA4a8G,Less than 1,<$20,0,10
7dJy1L,1,<$20,1,10
oA0qlV,2,$40-$60,2,50
pL0EGV,2,$40-$60,2,50
PA27Bb,1,$20-$40,1,30
RzZNVQ,1,>$100,1,150
9d6k64,3,$60-$80,3,70
xd0qov,2,>$100,2,150
24bDag,1,$20-$40,1,30
aBjRaE,1,$40-$60,1,50
rl0eqL,1,$20-$40,1,30
PA27P0,1,$60-$80,1,70
xd0ABE,2,$40-$60,2,50
8dJXEo,2,$40-$60,2,50
ZdGML5,2,$60-$80,2,70
5dlJgQ,2,$40-$60,2,50
LdEejy,Less than 1,$20-$40,0,30
EPB2YA,2,$40-$60,2,50
6d1gzN,1,$20-$40,1,30
KMP9bA,2,$60-$80,2,70
J2VQ54,2,$60-$80,2,70
lN0x46,2,$20-$40,2,30
5dlJ7E,3,$40-$60,3,50
BGLrPN,2,$20-$40,2,30
8dJ9NA,2,$60-$80,2,70
vN0Re8,1,$40-$60,1,50
YZo1L5,1,<$20,1,10
zK0VKg,2,$40-$60,2,50
rl0XVo,3,$80-$100,3,90
PA2o5x,2,$40-$60,2,50
qbYyb5,1,$40-$60,1,50
5dlNZb,Less than 1,<$20,0,10
eBNbAx,2,$40-$60,2,50
OAjR0a,2,$40-$60,2,50
KMPXLX,2,$20-$40,2,30
kY0LAr,2,$40-$60,2,50
jB0KLJ,2,$20-$40,2,30
Al6kbz,2,$40-$60,2,50
WAe4Mv,2,>$100,2,150
9d6eEV,2,$40-$60,2,50
6d1qWP,2,$40-$60,2,50
BGLvAQ,2,$40-$60,2,50
YZo2x5,2,$60-$80,2,70
ZdGxvo,1,$40-$60,1,50
aBjWKB,1,$60-$80,1,70
24b2lj,1,$20-$40,1,30
8dJ9RO,2,$40-$60,2,50
MAr0PY,2,$20-$40,2,30
lN0pzW,2,$20-$40,2,30
NA4zdQ,2,$20-$40,2,30
GroMYZ,1,$20-$40,1,30
jB0KJx,1,$40-$60,1,50
EPBpMN,2,$20-$40,2,30
24b2Vp,2,>$100,2,150
1rbjEg,2,$40-$60,2,50
6d1q4e,1,$20-$40,1,30
jB0Kq9,1,<$20,1,10
zK0VO1,3,$40-$60,3,50
g5QBpN,3,$40-$60,3,50
9d6ey1,1,$80-$100,1,90
vN0R6X,2,$40-$60,2,50
EPBpo2,2,$40-$60,2,50
bl2aG2,1,$40-$60,1,50
QAxGkp,1,$20-$40,1,30
ZdGxB5,1,$40-$60,1,50
xd0G5k,4,$20-$40,4,30
J2VyvX,1,$40-$60,1,50
7dJQ9R,2,$60-$80,2,70
7dJQOz,2,$40-$60,2,50
8dJ9Xl,2,$40-$60,2,50
rl0XKo,1,$20-$40,1,30
OAjRqk,2,<$20,2,10
g5QBoJ,1,>$100,1,150
RzZO7j,2,$40-$60,2,50
8dJ9vP,1,$40-$60,1,50
GroW6p,3,$40-$60,3,50
YZo2Av,2,$20-$40,2,30
1rbjQ4,1,$20-$40,1,30
421Z6r,1,<$20,1,10
PA2oG5,2,$40-$60,2,50
OAjv1R,2,$20-$40,2,30
lN0Q65,2,$20-$40,2,30
DVXQzb,2,$60-$80,2,70
DVXLgN,1,>$100,1,150
Al6kVz,2,$60-$80,2,70
EPB9LA,1,$20-$40,1,30
rl07A5,1,$20-$40,1,30
5dlRvv,2,$80-$100,2,90
5dlRb6,3,$40-$60,3,50
aBjWWX,2,$60-$80,2,70
RzZp4P,1,$20-$40,1,30
PA2KBx,1,$20-$40,1,30
rl07PM,1,$60-$80,1,70
rl07dX,1,$40-$60,1,50
5dlRpZ,2,$60-$80,2,70
5dlReZ,1,$80-$100,1,90
xd0G4r,2,$20-$40,2,30
9d6VR5,Less than 1,<$20,0,10
eBN46E,1,$20-$40,1,30
pL0a41,1,$20-$40,1,30
rl07vR,3,$20-$40,3,30
PA2K5d,1,$60-$80,1,70
LdElkp,3,$40-$60,3,50
xd0KYG,2,$40-$60,2,50
zK0lA1,1,$40-$60,1,50
VZ9gJa,2,$60-$80,2,70
pL0a6b,1,$40-$60,1,50
DVXQWR,More than 4,$40-$60,5,50
LdEljG,2,$40-$60,2,50
xd0KbG,Less than 1,$20-$40,0,30
9d6Vk4,1,$20-$40,1,30
pL0apZ,1,$40-$60,1,50
rl077p,Less than 1,<$20,0,10
WAeyxR,1,$40-$60,1,50
GroWMQ,2,$20-$40,2,30
aBjVYE,1,$20-$40,1,30
KMPbbz,2,$20-$40,2,30
dYZr5V,4,$60-$80,4,70
yl0L7g,2,$80-$100,2,90
eBNkMk,Less than 1,$20-$40,0,30
YZo82z,3,$60-$80,3,70
YZoN0J,2,<$20,2,10
0EbX29,3,$20-$40,3,30
24bQXD,1,$40-$60,1,50
bl2bV6,1,$80-$100,1,90
7dJ62P,2,$40-$60,2,50
DVXgkZ,2,$40-$60,2,50
PA2VO5,4,$40-$60,4,50
24bQeL,1,<$20,1,10
YZo8eB,2,$40-$60,2,50
6d1adB,3,$40-$60,3,50
J2V52d,1,<$20,1,10
XeRXyj,2,$60-$80,2,70
421eNB,1,$20-$40,1,30
VZ92Pg,2,$60-$80,2,70
yl0Vvp,2,$20-$40,2,30
QAxPXX,1,<$20,1,10
dYZBzr,1,<$20,1,10
aBj7lZ,1,$20-$40,1,30
dYZBeq,2,$40-$60,2,50
PA2VP1,2,>$100,2,150
qbY0XG,1,$40-$60,1,50
7dJ6OZ,Less than 1,<$20,0,10
rl0zbN,2,$80-$100,2,90
8dJ7Bx,2,$20-$40,2,30
bl2bP2,1,$40-$60,1,50
WAev9L,1,$40-$60,1,50
OAjWlM,2,$80-$100,2,90
421gB5,3,$20-$40,3,30
NA4epN,4,$20-$40,4,30
jB0OZ1,3,$80-$100,3,90
RzZ70j,2,$20-$40,2,30
dYZ5bD,1,$40-$60,1,50
LdERNp,3,$20-$40,3,30
vN0QGX,2,$80-$100,2,90
PA2VKd,1,$40-$60,1,50
VZ9k9a,2,$40-$60,2,50
6d1XRP,2,>$100,2,150
ZdGpev,More than 4,$40-$60,5,50
g5QRJ1,Less than 1,$60-$80,0,70
0EbpD0,2,$80-$100,2,90
421ga5,4,<$20,4,10
0EbpkQ,2,>$100,2,150
EPB4JX,2,$40-$60,2,50
KMPqxg,1,$20-$40,1,30
VZ92pM,3,>$100,3,150
QAx6zA,2,$40-$60,2,50
ZdGpJo,1,$20-$40,1,30
24bMRg,1,$20-$40,1,30
EPB4Pr,2,$60-$80,2,70
yl0Wkd,Less than 1,$20-$40,0,30
dYZ5VV,2,$40-$60,2,50
7dJ852,2,$40-$60,2,50
VZ9ky6,3,$80-$100,3,90
0EbpWj,3,$60-$80,3,70
yl0W8X,2,$40-$60,2,50
PA2aJe,1,$60-$80,1,70
5dly0Z,Less than 1,<$20,0,10
VZ9kRv,Less than 1,<$20,0,10
ZdGpqy,2,$60-$80,2,70
rl0zKv,2,$20-$40,2,30
24bM69,1,$20-$40,1,30
24bMXM,2,$40-$60,2,50
24bMBM,3,$20-$40,3,30
24bMKD,Less than 1,<$20,0,10
eBNdrx,2,>$100,2,150
5dlyld,1,$40-$60,1,50
rl0XqM,3,$60-$80,3,70
Al6V2y,2,$20-$40,2,30
0EbpQP,4,$80-$100,4,90
ZdG06a,2,$40-$60,2,50
EPB2aL,2,$20-$40,2,30
bl2BVe,2,$20-$40,2,30
XeRVlO,2,<$20,2,10
OAjpDK,1,$20-$40,1,30
RzZXGp,1,$20-$40,1,30
dYZLxV,2,$60-$80,2,70
NA4KXN,1,$40-$60,1,50
LdEAbJ,2,$40-$60,2,50
jB0dQ1,2,$60-$80,2,70
LdEAEv,1,$60-$80,1,70
EPBjLB,Less than 1,$40-$60,0,50
xd0kZv,2,$80-$100,2,90
421WvY,1,$20-$40,1,30
J2VaJR,2,$40-$60,2,50
xd0kly,2,$20-$40,2,30
aBjb9E,3,$40-$60,3,50
24bqRp,1,>$100,1,150
RzZXbd,1,$20-$40,1,30
dYZLJV,1,$40-$60,1,50
ZdG4ya,1,<$20,1,10
RzZX9K,2,$40-$60,2,50
24bqlL,4,<$20,4,10
BGLOW1,1,$20-$40,1,30
421W6r,1,$20-$40,1,30
kY0D2o,1,$20-$40,1,30
qbYx9g,1,$20-$40,1,30
XeOlxj,1,$20-$40,1,30
pL0jMZ,2,$20-$40,2,30
Rz8KDl,1,$20-$40,1,30
AlWPBB,2,$20-$40,2,30
blNVVL,3,$40-$60,3,50
xd9xaJ,2,$20-$40,2,30
5dEKdb,1,$20-$40,1,30
MA8KaY,2,$40-$60,2,50
WAeGGN,1,$40-$60,1,50
9d2GlK,Less than 1,$20-$40,0,30
24O8PA,3,$40-$60,3,50
jBGDW1,3,$20-$40,3,30
VZoE4y,3,$20-$40,3,30
XeRVRg,Less than 1,<$20,0,10
yleZ08,1,$20-$40,1,30
VZoEby,3,$60-$80,3,70
g5WjNP,Less than 1,<$20,0,10
Rz8KZK,1,$20-$40,1,30
Ld51Vj,2,$40-$60,2,50
QA82OG,1,$20-$40,1,30
vNqjz0,2,$20-$40,2,30
J28KbJ,2,$20-$40,2,30
kYOaKo,2,$80-$100,2,90
blNVJE,2,$40-$60,2,50
1rGP7O,Less than 1,$40-$60,0,50
OA81vM,2,$40-$60,2,50
OA81RM,2,$40-$60,2,50
YZVD76,2,$40-$60,2,50
OA81MA,2,$40-$60,2,50
PA8jVx,Less than 1,$20-$40,0,30
MA8K0E,1,<$20,1,10
qbjZNG,2,$40-$60,2,50
42PXe5,2,$40-$60,2,50
8djo9k,1,$40-$60,1,50
xd9x9d,1,$20-$40,1,30
zKWXVZ,1,$20-$40,1,30
OA8Dag,Less than 1,<$20,0,10
5dEBbE,3,<$20,3,10
42PXVo,1,<$20,1,10
eB9qre,2,$40-$60,2,50
dYQWYA,2,$60-$80,2,70
g5WD9l,2,>$100,2,150
Ld51Zj,1,$40-$60,1,50
42P41o,1,$20-$40,1,30
PA8dEQ,2,$80-$100,2,90
VZoLb6,Less than 1,<$20,0,10
aBZQA2,2,$40-$60,2,50
OA8Dka,2,<$20,2,10
g5WDkJ,1,<$20,1,10
oAlb5N,2,$40-$60,2,50
8dj16r,1,$40-$60,1,50
QA8KkY,1,$40-$60,1,50
rl2jYo,1,<$20,1,10
EP8kYr,2,$20-$40,2,30
ylePpg,2,$20-$40,2,30
8dj1jk,2,$20-$40,2,30
6dr8pN,1,$40-$60,1,50
PA8dLV,2,$40-$60,2,50
DV04PZ,Less than 1,<$20,0,10
9d2qaV,1,<$20,1,10
PA8jy5,2,$20-$40,2,30
XeOxkY,1,$40-$60,1,50
AlW7kW,3,$60-$80,3,70
g5WDB1,2,$40-$60,2,50
VZoLrE,1,$80-$100,1,90
QA8Kgl,1,$40-$60,1,50
YZVjaW,2,$40-$60,2,50
24OEMb,Less than 1,<$20,0,10
Rz8GXv,Less than 1,<$20,0,10
vNqjL4,1,$20-$40,1,30
zKWxaE,1,$40-$60,1,50
aBZQ8y,Less than 1,<$20,0,10
NA8q7O,1,$80-$100,1,90
eB955Q,3,$20-$40,3,30
dYQb6K,1,$40-$60,1,50
aBZNLW,2,$80-$100,2,90
jBGe9E,2,$80-$100,2,90
rl2y5l,Less than 1,$20-$40,0,30
KM8plV,1,$20-$40,1,30
ZdP9R0,1,<$20,1,10
rl2DLl,Less than 1,$20-$40,0,30
aBZOZ9,2,$20-$40,2,30
pL4eJZ,1,$60-$80,1,70
42Pazo,2,<$20,2,10
9d2N4K,2,$40-$60,2,50
XeO52V,2,$40-$60,2,50
EP8qA2,1,$60-$80,1,70
EP8zro,Less than 1,<$20,0,10
AlWPgo,2,$20-$40,2,30
AlWrjN,3,>$100,3,150
aBZOvy,2,$20-$40,2,30
xd9xzr,1,$20-$40,1,30
VZopvE,1,$20-$40,1,30
eB9ZWo,Less than 1,<$20,0,10
24Ojye,Less than 1,$20-$40,0,30
8djNDz,1,$20-$40,1,30
eB95oJ,2,$20-$40,2,30
Rz8Wyj,3,$40-$60,3,50
PA8RQB,2,$60-$80,2,70
blN5jL,2,$20-$40,2,30
5dEXJ6,2,$20-$40,2,30
xd9x8J,2,$20-$40,2,30
vNqX5D,2,$80-$100,2,90
XeO56Y,1,$40-$60,1,50
xd9Vbv,Less than 1,<$20,0,10
pL4eYB,1,$20-$40,1,30
NA8qGQ,3,$60-$80,3,70
0EoV9y,Less than 1,<$20,0,10
J281Nd,Less than 1,<$20,0,10
DV0q8R,1,<$20,1,10
QA8oy1,2,$40-$60,2,50
6drDoB,1,$20-$40,1,30
VZopRa,More than 4,$40-$60,5,50
aBZ95W,Less than 1,$20-$40,0,30
9d2GA1,3,$40-$60,3,50
GrY6x2,2,$20-$40,2,30
g5WaaK,3,$20-$40,3,30
BG8EjA,4,$40-$60,4,50
aBZ9GX,1,$20-$40,1,30
aBZOMB,1,$40-$60,1,50
jBGZ74,2,$20-$40,2,30
rl2Djp,More than 4,$60-$80,5,70
zKWjyE,1,$40-$60,1,50
9d2BvV,3,$80-$100,3,90
GrY6re,2,$20-$40,2,30
OA8aLg,2,>$100,2,150
NA8rA0,Less than 1,<$20,0,10
5dEbDb,3,$40-$60,3,50
jBGZBQ,Less than 1,<$20,0,10
GrY6JZ,3,$80-$100,3,90
yleXOB,2,$40-$60,2,50
OA8akK,2,$20-$40,2,30
jBGZvR,1,$40-$60,1,50
GrY6Xp,3,$40-$60,3,50
zKWjd1,1,<$20,1,10
Ld59k1,3,$60-$80,3,70
MA81dX,More than 4,$80-$100,5,90
5dEbNZ,2,$40-$60,2,50
6drDqP,1,<$20,1,10
1rGXe1,2,$80-$100,2,90
PA8pVV,4,<$20,4,10
lNVBok,2,$60-$80,2,70
PA8pVe,2,<$20,2,10
zKWNxa,3,$40-$60,3,50
0Eo7O0,1,$40-$60,1,50
VZojZl,2,$40-$60,2,50
NA8DVN,2,$20-$40,2,30
7d4bx9,2,$20-$40,2,30
qbjab8,1,$20-$40,1,30
jBGby9,Less than 1,$20-$40,0,30
zKWNKE,1,$20-$40,1,30
Ld5zz1,4,$60-$80,4,70
dYQN8K,2,$80-$100,2,90
rl2Bgl,2,$20-$40,2,30
5dE4eE,2,$40-$60,2,50
QA8Mk7,2,$40-$60,2,50
g5WD6d,1,$20-$40,1,30
jBGaVR,2,$80-$100,2,90
Rz8dZK,Less than 1,<$20,0,10
42PBdO,1,$20-$40,1,30
GrYxZ2,1,$20-$40,1,30
GrYKgp,1,$20-$40,1,30
NA8Ddl,1,$40-$60,1,50
DV0Kbq,3,>$100,3,150
oAlDkx,2,$40-$60,2,50
kYOb9r,1,$80-$100,1,90
OA8lg7,1,$20-$40,1,30
VZoGJ6,Less than 1,$60-$80,0,70
VZojqJ,1,$40-$60,1,50
42PQRd,1,<$20,1,10
qbja4Y,2,$40-$60,2,50
Rz8KWd,1,$40-$60,1,50
VZoL46,More than 4,$60-$80,5,70
WAl9ee,2,$20-$40,2,30
PA8Dq0,1,<$20,1,10
5dE4Ab,3,$20-$40,3,30
oAlD8M,Less than 1,<$20,0,10
1rGk8b,3,$60-$80,3,70
rl2BZL,1,$20-$40,1,30
PA815b,4,$20-$40,4,30
WAlEEN,2,$40-$60,2,50
NA8lDl,2,$20-$40,2,30
qbjDWk,1,$20-$40,1,30
XeOJMV,2,$20-$40,2,30
1rGdKM,1,$40-$60,1,50
WAlrbP,2,$40-$60,2,50
7d4L12,1,$20-$40,1,30
J28p8z,More than 4,$20-$40,5,30
pL4y4y,3,$20-$40,3,30
DV0kER,2,$40-$60,2,50
AlW2vk,2,$80-$100,2,90
EP8dVX,1,$20-$40,1,30
oAleL1,3,$60-$80,3,70
NA8l2Q,4,$40-$60,4,50
8djaYO,1,$40-$60,1,50
6drjXo,3,$20-$40,3,30
PA81MP,2,$80-$100,2,90
EP8d7o,1,$60-$80,1,70
1rGdqL,2,$40-$60,2,50
xd9Dxk,2,$20-$40,2,30
BG8pae,3,$60-$80,3,70
pL4y8E,2,$80-$100,2,90
24OABe,1,>$100,1,150
ZdPO2B,2,$20-$40,2,30
kYOGdZ,2,$40-$60,2,50
eB9rLO,2,$20-$40,2,30
pL4or1,2,$40-$60,2,50
dYQ0DA,1,<$20,1,10
5dE9EP,4,$20-$40,4,30
8djLyl,4,$40-$60,4,50
0Eo859,2,$60-$80,2,70
9d2Zp1,1,$20-$40,1,30
oAlRqe,2,$20-$40,2,30
6drK0J,1,$60-$80,1,70
lNVO4V,2,$20-$40,2,30
AlWp9o,4,$20-$40,4,30
EP8lO4,1,$40-$60,1,50
g5Wqll,2,$20-$40,2,30
8djL45,1,$20-$40,1,30
rl2oD5,1,$40-$60,1,50
XeO40z,4,>$100,4,150
oAl26X,Less than 1,$60-$80,0,70
NA87DN,2,$80-$100,2,90
MA8Ezl,1,$40-$60,1,50
5dE9DN,1,$20-$40,1,30
jBGlx4,2,$20-$40,2,30
GrYRLk,2,$40-$60,2,50
GrYR0k,1,$40-$60,1,50
OA8787,2,$40-$60,2,50
24OKL9,2,$20-$40,2,30
VZozlM,1,<$20,1,10
vNqPqv,1,$20-$40,1,30
kYONrJ,2,$40-$60,2,50
aBZ2lE,2,$60-$80,2,70
BG8xbQ,Less than 1,$20-$40,0,30
AlWB5N,4,$40-$60,4,50
Rz8D9K,2,$20-$40,2,30
jBGl1a,2,$40-$60,2,50
AlWB1D,2,$60-$80,2,70
24OK29,2,$20-$40,2,30
g5WGdN,Less than 1,<$20,0,10
7d4xXA,2,$20-$40,2,30
ZdPaNA,Less than 1,$20-$40,0,30
ZdPadA,3,<$20,3,10
eB9R6J,2,$60-$80,2,70
VZoJ4g,2,$80-$100,2,90
ZdPaGe,1,<$20,1,10
zKWYR1,3,$40-$60,3,50
1rGV6p,1,$20-$40,1,30
BG87r1,1,<$20,1,10
PA8OJ0,2,$20-$40,2,30
QA8V6X,More than 4,$60-$80,5,70
WAlzbQ,2,$40-$60,2,50
vNqyev,1,$40-$60,1,50
aBZY5v,2,$40-$60,2,50
8djQeY,2,$40-$60,2,50
9d2D11,1,<$20,1,10
PA8595,2,$20-$40,2,30
XeOWRe,2,$60-$80,2,70
42PxP5,2,$40-$60,2,50
oAlMgx,1,$20-$40,1,30
6dr2Be,Less than 1,$20-$40,0,30
42PxMB,2,$20-$40,2,30
zKWDg0,1,$20-$40,1,30
6dr2lO,Less than 1,<$20,0,10
EP8WgN,2,$20-$40,2,30
Ld5WAz,Less than 1,<$20,0,10
jBGQK9,1,$20-$40,1,30
7d4Ng6,Less than 1,<$20,0,10
NA86q0,1,$40-$60,1,50
rl2AgR,1,$20-$40,1,30
NA86AB,3,$40-$60,3,50
24Oeej,2,$20-$40,2,30
zKWD61,3,$20-$40,3,30
Ld5b5O,2,$60-$80,2,70
24OerL,1,$40-$60,1,50
QA8DA8,3,$60-$80,3,70
Rz80VP,1,$20-$40,1,30
AlWd4N,1,$20-$40,1,30
8djKEr,2,$60-$80,2,70
24OeoM,Less than 1,<$20,0,10
yle6oW,1,$60-$80,1,70
NA8oKO,2,$80-$100,2,90
5dEzOQ,3,$80-$100,3,90
0Eox59,2,$60-$80,2,70
Rz80kv,2,$40-$60,2,50
7d4WYR,1,$40-$60,1,50
oAlyxN,2,$40-$60,2,50
OA8zZg,3,$60-$80,3,70
1rGlOb,2,$20-$40,2,30
GrYz2j,2,$60-$80,2,70
PA8Add,2,$40-$60,2,50
dYQ6Jo,1,$20-$40,1,30
aBZBNE,2,$60-$80,2,70
jBGB6Y,1,$40-$60,1,50
ylelXW,2,$40-$60,2,50
AlWdeD,Less than 1,<$20,0,10
ylelvg,3,$80-$100,3,90
VZoZvv,Less than 1,<$20,0,10
qbjbj7,1,<$20,1,10
Rz8zrp,Less than 1,<$20,0,10
oAlALb,2,$20-$40,2,30
ylelyX,1,$60-$80,1,70
42P20r,3,$40-$60,3,50
1rGVNl,2,$20-$40,2,30
ylelbd,1,$20-$40,1,30
YZVORq,4,$40-$60,4,50
24OkKb,2,>$100,2,150
dYQAjr,3,$40-$60,3,50
YZVOYN,1,$80-$100,1,90
DV010Z,1,$60-$80,1,70
KM8oBX,4,$80-$100,4,90
g5WA1N,4,$20-$40,4,30
8djkWx,1,$40-$60,1,50
GrY142,Less than 1,$20-$40,0,30
Ld5GRl,2,$80-$100,2,90
PA8Exx,3,$40-$60,3,50
7d4ZRR,2,$20-$40,2,30
0EoPBN,2,$20-$40,2,30
eB9EEo,1,$40-$60,1,50
24OrLb,Less than 1,<$20,0,10
YZVdVv,Less than 1,<$20,0,10
J280BR,2,$40-$60,2,50
oAlO1e,2,$40-$60,2,50
xd9Z7o,3,>$100,3,150
yleDb4,1,$40-$60,1,50
7d4NML,2,$40-$60,2,50
QA80QA,1,$40-$60,1,50
KM80XK,1,$40-$60,1,50
8djGNl,2,$20-$40,2,30
oAlOxx,More than 4,$20-$40,5,30
oAloDO,Less than 1,<$20,0,10
OA80vA,2,$20-$40,2,30
Rz8L7Q,3,$60-$80,3,70
0EoLb0,3,$60-$80,3,70
GrYLqQ,2,$20-$40,2,30
zKWJ7k,2,$40-$60,2,50
dYQjYd,2,$60-$80,2,70
AlWDde,1,$20-$40,1,30
WAlYYN,Less than 1,<$20,0,10
5dEvMP,2,$40-$60,2,50
dYQjpN,4,$40-$60,4,50
EP8Dr2,1,<$20,1,10
OA8Yxa,1,<$20,1,10
eB92Gx,2,$40-$60,2,50
GrYDNp,1,$40-$60,1,50
NA8Yvp,1,$40-$60,1,50
kYOWV1,3,$40-$60,3,50
qbjKvY,Less than 1,$20-$40,0,30
DV0JEj,3,>$100,3,150
pL472P,3,$20-$40,3,30
yleEB8,1,$20-$40,1,30
42PoWY,1,$20-$40,1,30
0Eo8pZ,2,$40-$60,2,50
NA805j,1,$20-$40,1,30
zKWQja,2,$20-$40,2,30
42PN8B,3,$40-$60,3,50
42PN2B,2,$20-$40,2,30
GrYBJQ,1,$20-$40,1,30
VZo1bM,1,>$100,1,150
EP8bar,2,$20-$40,2,30
8djpW5,2,$20-$40,2,30
kYORko,2,$40-$60,2,50
VZo1BJ,2,$80-$100,2,90
J28kGo,1,$20-$40,1,30
vNqxbv,2,$40-$60,2,50
vNqxp0,1,$20-$40,1,30
AlWbko,4,$80-$100,4,90
0EojW0,2,>$100,2,150
VZo1el,1,$80-$100,1,90
lNVlPX,2,$40-$60,2,50
Ld5MLO,Less than 1,$20-$40,0,30
XeOBKz,3,$40-$60,3,50
xd90dy,1,$40-$60,1,50
jBG0la,2,$40-$60,2,50
vNq0Xl,Less than 1,<$20,0,10
XeORJY,2,$40-$60,2,50
6dr1OO,2,$80-$100,2,90
GrYoqQ,3,$40-$60,3,50
VZo946,1,$20-$40,1,30
1rGbOg,1,$20-$40,1,30
AlW6Nz,1,$60-$80,1,70
eB9Nlk,2,$40-$60,2,50
PA82QV,1,$40-$60,1,50
VZo91E,2,$20-$40,2,30
J288qz,1,$40-$60,1,50
Rz88xv,Less than 1,$20-$40,0,30
24OOAe,Less than 1,$20-$40,0,30
xd99Ny,3,$40-$60,3,50
DV00VZ,1,$40-$60,1,50
vNqq14,2,$40-$60,2,50
xd99Gr,2,$40-$60,2,50
7d4JOR,1,$20-$40,1,30
5dE89b,2,$40-$60,2,50
VZovVj,Less than 1,<$20,0,10
42PAoA,1,$40-$60,1,50
YZVpBz,1,<$20,1,10
WAlD0e,1,$20-$40,1,30
aBZAYE,2,$40-$60,2,50
5dEeb6,2,$80-$100,2,90
aBZK8b,1,$80-$100,1,90
7d4aDz,2,$20-$40,2,30
zKWGyq,2,<$20,2,10
aBZAD2,3,>$100,3,150
BG8jLe,1,$40-$60,1,50
6drWyB,Less than 1,$20-$40,0,30
NA8Mj0,More than 4,$20-$40,5,30
GrYq4p,1,$20-$40,1,30
aBZAWW,3,$60-$80,3,70
jBGkaJ,Less than 1,<$20,0,10
8djRol,Less than 1,$20-$40,0,30
g5WkQK,2,$60-$80,2,70
vNqdzg,1,$20-$40,1,30
PA8GWe,2,$40-$60,2,50
zKWLyk,2,$60-$80,2,70
eB9v7O,2,$20-$40,2,30
YZVkOB,2,$20-$40,2,30
blNvR1,2,$20-$40,2,30
lNVvz6,2,$20-$40,2,30
QA8kPp,1,$20-$40,1,30
0EoaXN,2,$60-$80,2,70
9d24ZK,1,$20-$40,1,30
24O70L,Less than 1,<$20,0,10
lNVv5V,1,<$20,1,10
BG8eRe,2,$20-$40,2,30
KM8R9z,1,$40-$60,1,50
jBGgEQ,1,$60-$80,1,70
7d4jzR,2,$80-$100,2,90
0EolEy,2,$40-$60,2,50
24OZrj,2,$20-$40,2,30
GrYyv2,1,$40-$60,1,50
oAlpr1,1,$40-$60,1,50
blNyVg,2,$20-$40,2,30
DV0Py5,1,>$100,1,150
MA82rp,2,$40-$60,2,50
KM8718,2,$60-$80,2,70
DVABNq,2,$40-$60,2,50
aBK9lZ,3,$80-$100,3,90
7d1qYZ,2,>$100,2,150
aBK5GX,1,$40-$60,1,50
241AGA,1,$20-$40,1,30
eBKaMk,2,$20-$40,2,30
AlAB5z,2,$40-$60,2,50
zK2YQq,1,<$20,1,10
dYKdod,2,$20-$40,2,30
7d1xrR,2,$40-$60,2,50
aBKYRX,2,$40-$60,2,50
oAKMjb,2,$40-$60,2,50
jB5yQ9,2,$20-$40,2,30
oAKBJe,3,$20-$40,3,30
eBKAGk,3,$60-$80,3,70
KMv6KK,3,$40-$60,3,50
KMvLNM,2,$60-$80,2,70
lNKWjB,2,$40-$60,2,50
9dpvKG,1,$20-$40,1,30
0E1vgN,2,$60-$80,2,70
OAdJzR,1,$20-$40,1,30
pLRWYb,1,$20-$40,1,30
5d8GLd,1,<$20,1,10
241vE9,3,$20-$40,3,30
rlGraX,1,$40-$60,1,50
KMvJZX,1,$20-$40,1,30
BGADYN,2,$80-$100,2,90
g5YNYd,1,$40-$60,1,50
YZpzy0,2,$80-$100,2,90
OAdBMa,2,$40-$60,2,50
dYK2oV,1,$40-$60,1,50
J2XkXd,2,$60-$80,2,70
vNE0Y8,2,$20-$40,2,30
DVAXPb,1,$40-$60,1,50
EPv8WN,2,$40-$60,2,50
YZpVlq,2,$40-$60,2,50
jB5MEY,2,$40-$60,2,50
42AA2k,3,$60-$80,3,70
g5YW51,1,$20-$40,1,30
WADM8v,2,$20-$40,2,30
1rDDZO,1,$40-$60,1,50
qboJdg,2,$20-$40,2,30
0E11K6,1,$20-$40,1,30
pLRJ9y,2,$60-$80,2,70
QAvzjk,2,$20-$40,2,30
EPvZjN,3,$20-$40,3,30
xd4RKr,4,$60-$80,4,70
42Ap4O,1,$40-$60,1,50
0E1D5Z,2,<$20,2,10
g5YkOd,3,$20-$40,3,30
ZdvD8z,2,$60-$80,2,70
lNKMov,2,$40-$60,2,50
rlGJKR,2,$40-$60,2,50
RzvkQl,2,$40-$60,2,50
241oZD,2,$40-$60,2,50
Xe1QPj,4,$20-$40,4,30
MAvG7g,1,<$20,1,10
QAv458,1,$20-$40,1,30
KMvO2z,2,$20-$40,2,30
8dAEWk,2,$40-$60,2,50
VZvdYN,1,<$20,1,10
BGADV5,2,$60-$80,2,70
yljg5d,4,$40-$60,4,50
pLR9Z1,2,$20-$40,2,30
pLR1jb,1,$40-$60,1,50
g5YxdK,2,$40-$60,2,50
7d1ge9,2,$20-$40,2,30
oAKaVP,4,<$20,4,10
ZdvLxe,1,$20-$40,1,30
lNK9jV,1,<$20,1,10
Xe1dzY,2,$60-$80,2,70
pLRNKb,1,<$20,1,10
zK2AN0,1,$20-$40,1,30
LdvjJ2,2,>$100,2,150
DVAoQj,2,$40-$60,2,50
xd4bKy,2,$20-$40,2,30
blKRbo,4,$60-$80,4,70
xd48r9,2,$40-$60,2,50
9dp0bY,1,$20-$40,1,30
Rzvqrp,Less than 1,<$20,0,10
GrXOqp,2,$20-$40,2,30
0E1qKB,1,$20-$40,1,30
7d1rKL,1,$20-$40,1,30
Zdvr9y,1,$20-$40,1,30
vNE5Og,2,$40-$60,2,50
8dA45x,Less than 1,<$20,0,10
Xe1PKP,2,$20-$40,2,30
g5Y6KP,3,$80-$100,3,90
pLR20y,1,$20-$40,1,30
RzvqeQ,1,$40-$60,1,50
8dAB1r,1,$20-$40,1,30
OAd2ZY,1,$20-$40,1,30
kYK2lj,1,$20-$40,1,30
RzvADQ,2,$60-$80,2,70
9dp82p,2,$60-$80,2,70
pLRElV,Less than 1,$20-$40,0,30
241pJj,2,$60-$80,2,70
jB5KdJ,2,$60-$80,2,70
eBKxvq,2,$40-$60,2,50
dYKPVN,3,$60-$80,3,70
GrYYvz,1,$80-$100,1,90
jB5Ne4,2,$40-$60,2,50
5d8Rbo,2,$40-$60,2,50
7d1GbZ,2,$40-$60,2,50
OAdOL8,1,$20-$40,1,30
blK0G0,4,$80-$100,4,90
xd4kxy,3,$20-$40,3,30
g5YRyl,2,$20-$40,2,30
Xe1KVj,2,$20-$40,2,30
VZvREv,2,$20-$40,2,30
zK2p0M,1,$60-$80,1,70
J2XaDr,2,$80-$100,2,90
pLRj4B,3,$20-$40,3,30
VZvRWl,1,$60-$80,1,70
blY5eZ,2,$40-$60,2,50
lNYaNN,3,$40-$60,3,50
WAKOvP,Less than 1,<$20,0,10
8d6Nxl,2,$40-$60,2,50
QAz1z7,1,$20-$40,1,30
PAbpo1,1,$20-$40,1,30
oA5EQ1,1,$20-$40,1,30
KMW55V,2,$20-$40,2,30
Zd1Eao,1,$20-$40,1,30
VZbQlv,4,$80-$100,4,90
rlJOM2,1,$20-$40,1,30
NAbX0l,1,$40-$60,1,50
DVxplq,1,$20-$40,1,30
blYW2Z,1,$20-$40,1,30
eB0aEx,Less than 1,<$20,0,10
vNJP54,2,$20-$40,2,30
RzbPjj,2,$60-$80,2,70
oA5GOM,1,$20-$40,1,30
Al4vRB,3,$80-$100,3,90
9dRQYG,2,$40-$60,2,50
24lNeL,1,$40-$60,1,50
9dRDjY,1,$20-$40,1,30
NAb6Pb,3,$60-$80,3,70
dY86Dq,2,$20-$40,2,30
vNJA6l,3,$60-$80,3,70
OAbzv7,1,$40-$60,1,50
eB0BZq,2,$20-$40,2,30
BGjXPN,Less than 1,<$20,0,10
9dRdbV,3,$40-$60,3,50
DVx1aR,1,$20-$40,1,30
J2eDgY,Less than 1,<$20,0,10
Xe8YXY,1,$60-$80,1,70
VZbMby,2,$60-$80,2,70
RzbJ9v,1,$20-$40,1,30
VZb1Wv,1,$60-$80,1,70
xdR4ro,1,$20-$40,1,30
PAbvbe,1,$20-$40,1,30
rlJGpv,1,$20-$40,1,30
VZbv6N,Less than 1,<$20,0,10
24l1RL,1,$20-$40,1,30
OAbV78,3,$80-$100,3,90
g5JybJ,1,$20-$40,1,30
42p4kd,4,$20-$40,4,30
42paed,2,<$20,2,10
eB0ezx,2,$40-$60,2,50
Ld69rj,1,$40-$60,1,50
aBaYav,1,$20-$40,1,30
DVZNMN,1,<$20,1,10
eBYArx,2,$20-$40,2,30
AljJve,2,>$100,2,150
J2WRlr,More than 4,$40-$60,5,50
7dpxRz,3,$40-$60,3,50
PAGExV,1,$20-$40,1,30
PAG05P,Less than 1,<$20,0,10
8dRe5Y,1,>$100,1,150
RzVLkd,2,$40-$60,2,50
Xe2EGV,2,>$100,2,150
42pjyB,4,$40-$60,4,50
GrQL1z,2,$60-$80,2,70
qbkKrG,2,$60-$80,2,70
rlkdNv,1,$20-$40,1,30
bl62ee,1,$40-$60,1,50
GrQYrj,2,$40-$60,2,50
bl6Nr2,1,$20-$40,1,30
8dRAxz,1,$40-$60,1,50
lNMvqk,Less than 1,<$20,0,10
jBkEvR,1,$40-$60,1,50
ZdZWkv,1,$20-$40,1,30
dYkpxA,3,$40-$60,3,50
0EDlP0,1,$20-$40,1,30
42pdPB,1,$20-$40,1,30
zK1oKM,2,$20-$40,2,30
24Dylp,1,<$20,1,10
QAOaNl,2,$40-$60,2,50
KMaZGk,More than 4,$20-$40,5,30
24DYOb,2,$20-$40,2,30
KMa2YK,2,$20-$40,2,30
dYkJoN,3,$60-$80,3,70
blYxP2,2,$40-$60,2,50
24DOYj,2,$20-$40,2,30
dYkydo,1,$40-$60,1,50
RzVOOv,2,$20-$40,2,30
yldOGB,3,$80-$100,3,90
oAkX95,More than 4,$40-$60,5,50
Ld6lQ2,More than 4,$20-$40,5,30
aBa8l9,1,$20-$40,1,30
qbkxdk,2,<$20,2,10
lNMoMv,2,$40-$60,2,50
J2Wa7X,1,$40-$60,1,50
7dMLqa,1,$40-$60,1,50
MAMNrY,2,$20-$40,2,30
BG0pZK,1,$20-$40,1,30
VZDzDg,2,$40-$60,2,50
J2M4vz,2,$40-$60,2,50
lNvxGB,1,$40-$60,1,50
jBv18R,1,$20-$40,1,30
42zgZb,3,$60-$80,3,70
BG0OK1,2,$20-$40,2,30
kYzalJ,2,$40-$60,2,50
42OQ7r,4,$80-$100,4,90
NAPD6p,1,$40-$60,1,50
zKdykZ,2,$60-$80,2,70
RzjoPd,2,$20-$40,2,30
Grb9O2,1,$20-$40,1,30
g5z9gM,2,$20-$40,2,30
OAE5V7,1,$20-$40,1,30
5dVzNP,2,$40-$60,2,50
DVaVJ5,Less than 1,$20-$40,0,30
7dEobZ,3,$40-$60,3,50
vNzL7d,Less than 1,$20-$40,0,30
GrbJYp,1,<$20,1,10
Al96kN,2,$40-$60,2,50
Al9jbl,2,$20-$40,2,30
24oDgL,1,<$20,1,10
blzzoL,2,$40-$60,2,50
DVaWjl,2,$60-$80,2,70
KMGOe7,Less than 1,$40-$60,0,50
blzgY1,1,$40-$60,1,50
KMGOjK,Less than 1,>$100,0,150
LdOgG1,1,$40-$60,1,50
yl1GZ8,1,$20-$40,1,30
Zdegkz,2,$40-$60,2,50
BGe5v5,2,$40-$60,2,50
eBz8bE,Less than 1,$20-$40,0,30
xdz8yk,1,$20-$40,1,30
0EkEeB,2,$40-$60,2,50
QA4GOY,1,$40-$60,1,50
9d4eBQ,2,<$20,2,10
rlYNrp,Less than 1,<$20,0,10
8dEazr,3,$60-$80,3,70
DVWzjb,Less than 1,$20-$40,0,30
oAxM95,4,$40-$60,4,50
jBEq21,2,$80-$100,2,90
QAEpMA,More than 4,$20-$40,5,30
xd67ZE,1,$20-$40,1,30
OAVNZK,1,$20-$40,1,30
jBEVgx,1,$20-$40,1,30
aBlMgq,2,$20-$40,2,30
oAxPWX,2,$40-$60,2,50
qbN99Y,1,$20-$40,1,30
Ldo8Pz,3,$40-$60,3,50
0EAKN6,Less than 1,<$20,0,10
J2BN4o,1,$20-$40,1,30
xdgr4o,3,$20-$40,3,30
LdVpav,3,$20-$40,3,30
BG67VA,2,<$20,2,10
Xe90az,More than 4,>$100,5,150
1rO7Wp,1,$20-$40,1,30
kYgAej,2,$80-$100,2,90
1rOvvQ,3,$40-$60,3,50
1rOvMQ,1,$20-$40,1,30
Rz2JQv,3,$40-$60,3,50
ZdWzBV,1,$40-$60,1,50
pL54N8,Less than 1,$80-$100,0,90
QAjOAg,2,<$20,2,10
PA44VP,2,$20-$40,2,30
vNgpPD,2,$20-$40,2,30
g5ggRM,1,$40-$60,1,50
rlgbDN,2,$20-$40,2,30
0EGYe9,1,$20-$40,1,30
