Submission ID,How many cups of coffee do you typically drink per day?,"In total, much money do you typically spend on coffee in a month?"
gMR29l,,
BkPN0e,,
W5G8jj,,
4xWgGr,,
QD27Q8,,
V0LPeM,,
V0Gaxg,,
AdzRL0,,
LbWda2,Less than 1,
EXQLWN,,
2eNLJg,,
xpa2K9,,
V00RoJ,,
7WWB4A,2,
pKL8aB,1,
Zd694B,3,>$100
QAeYZY,3,
QA5JYA,1,$40-$60
Rz5BPj,2,
jyDqva,2,
eB7QoJ,3,
24xzlg,,
DVvoqX,,
1r2YJQ,More than 4,
24xYOV,1,
AlbYao,2,
J2krYz,1,
WAp6ak,,
aBr18q,3,
42NYWO,,
6dQ08e,1,
J2kj9J,2,
8dpDNA,3,
EPbVlL,,
ylqbBg,2,$20-$40
vNx6A4,,
KMB2og,,
qbEQPO,3,
9dJ0O5,2,
BGboZR,3,
oAVNdO,1,
YZzBdN,2,$40-$60
VZ17Z6,1,$20-$40
RzBeZj,More than 4,$40-$60
0Ej0GZ,1,
eBxO4l,2,
WApbkQ,2,$60-$80
0Ej0WA,2,>$100
9dJYlQ,2,$20-$40
BGbJzQ,1,
OABqpR,1,
bl41Zg,Less than 1,<$20
GrBVrk,1,
WApbYk,1,
eBxG20,3,$20-$40
24x9NA,2,
NAB2qB,2,$60-$80
RzBqoJ,2,$40-$60
jB98xY,Less than 1,
LdMxB2,2,
GrBOrz,,
5dqajd,More than 4,>$100
VZ1W0E,More than 4,>$100
NABN5G,More than 4,$40-$60
6dQY8o,2,>$100
WAp6va,More than 4,$60-$80
EPbVGA,,
OABqQp,2,$20-$40
DVvOop,2,
KMBrLz,3,
jB9r21,1,>$100
pLPYLE,2,$40-$60
oAV8yX,2,
aBrp0W,4,
g5NPxK,2,$40-$60
bl41kE,2,$80-$100
GrBO1z,2,$40-$60
xdN8Q9,2,$40-$60
vNx8Xv,1,$20-$40
dY2JPN,2,$20-$40
MAdjLE,2,>$100
6dQ6xo,3,$40-$60
7d97lZ,2,>$100
0EjqPQ,3,$40-$60
BGbJD4,1,$20-$40
9dJYbp,3,$20-$40
xdNbJ9,1,$20-$40
EPbVLl,2,
pLPNQJ,1,$40-$60
AlbMLW,2,$80-$100
EPboPq,3,>$100
ylq8yW,3,$20-$40
J2kEDz,1,$20-$40
24x9Lg,2,$20-$40
0EjYb6,3,>$100
ZdRb6a,2,$20-$40
WApbdP,3,$20-$40
24xY69,2,$20-$40
RzBqWd,1,$40-$60
RzBqLv,More than 4,$40-$60
oAV8d5,3,$40-$60
oAV8OM,2,$60-$80
AlbYyW,1,$20-$40
KMB4kk,1,$60-$80
42N0Kd,2,$60-$80
0Ej0VZ,1,<$20
rlrQQo,1,$20-$40
vNx84X,2,$40-$60
OABxLk,1,$60-$80
MAd2V0,1,<$20
8dpbGk,2,$80-$100
zKQ8ja,1,$20-$40
YZzBLJ,1,$60-$80
QABNdl,3,$40-$60
8dpbko,2,>$100
XeB6Ee,4,$80-$100
KMBroK,Less than 1,<$20
24x9rg,1,$20-$40
dY2JjD,2,$20-$40
LdMjyz,1,$20-$40
9dJYM1,4,$40-$60
kYR4rj,2,$20-$40
pLPN7q,1,$40-$60
6dQ0eO,Less than 1,<$20
42NlLd,2,$20-$40
LdMxaj,2,$60-$80
BGbJZ4,2,$60-$80
J2kER7,2,$20-$40
eBxgQO,Less than 1,<$20
J2kELz,2,$20-$40
LdMjqJ,More than 4,>$100
oAVNeM,3,$20-$40
oAVZ95,2,$40-$60
eBxGvE,More than 4,$60-$80
g5NPYO,3,$40-$60
xdNbxo,2,$20-$40
zKQ8ZZ,3,$60-$80
rlrQxl,2,$20-$40
VZ1W8N,2,$40-$60
WAp6PN,2,$20-$40
DVvo9l,3,$40-$60
ylqAdB,More than 4,$40-$60
rlrQP2,3,
EPbo0L,More than 4,$80-$100
ylqAY6,1,$20-$40
AlbR7B,3,$40-$60
EPbVxA,Less than 1,$40-$60
BGboo4,2,$60-$80
dY2GGD,Less than 1,<$20
oAV8o5,2,$40-$60
WApa9N,Less than 1,<$20
BGbJE5,Less than 1,<$20
0EjzA9,2,$40-$60
vNx6YX,2,$20-$40
WApaAQ,2,$40-$60
J2krZX,3,$40-$60
oAVN6V,2,$40-$60
VZ1WVN,Less than 1,<$20
42Nlko,2,$40-$60
RzBq4P,Less than 1,$20-$40
1r2QM4,1,<$20
LdM4d2,2,<$20
42N0dB,3,$20-$40
jB98M9,2,$40-$60
1r205O,1,$20-$40
5dq0yE,3,$20-$40
YZzb4N,1,$40-$60
QABq7Y,1,$40-$60
PABQDd,1,$20-$40
9dJY7E,2,$20-$40
24xYgM,1,$40-$60
KMB25K,2,$20-$40
RzBqzP,2,
GrBEvo,3,$40-$60
rlrQrv,2,$60-$80
LdMxpz,2,$60-$80
ZdRblA,2,$20-$40
bl4My7,3,$40-$60
XeB72d,1,$20-$40
zKQBXq,2,<$20
rlr9Yv,2,$20-$40
dY2GNy,1,$20-$40
zKQA18,Less than 1,$40-$60
ZdRAAV,3,$20-$40
VZ17Ev,1,$40-$60
NAB2Ab,3,$40-$60
rlr9yM,3,$40-$60
5dqYbv,3,$60-$80
AlbRKW,1,$40-$60
ylqb6X,2,$20-$40
dY2o6d,1,
dY2oKz,1,$40-$60
oAVN61,2,$20-$40
rlr9yv,3,$40-$60
kYR4Nr,2,$20-$40
zKQ4kq,2,$20-$40
RzBeoP,2,$20-$40
24xYJL,1,<$20
ZdRAWA,4,$60-$80
rlr9OL,2,$40-$60
PABQdQ,4,$40-$60
1r20NQ,3,$40-$60
qbEqj2,2,$20-$40
g5NV9P,2,$20-$40
42NY8Y,1,<$20
GrBVJp,1,$20-$40
7d90RL,2,$80-$100
lNl8WV,1,$20-$40
vNxaEA,2,$40-$60
0EjY5P,1,$20-$40
eBxO5q,Less than 1,<$20
blx47Z,2,
lNlXyB,1,$20-$40
1r2Yx4,3,$40-$60
1r20WM,1,$20-$40
J2krad,2,$20-$40
DVvo05,2,$40-$60
VZ1aJj,1,$20-$40
42N0ab,1,
aBrJxZ,1,<$20
9dJ0qG,1,$20-$40
PABN1x,3,$20-$40
8dpDDk,1,$80-$100
qA2y0O,2,
V0ELg6,,
zKQ8Qg,3,
VZ1WYN,2,$20-$40
jB98W1,2,
24x9Rj,,
rlr82o,3,
QABNj7,2,
vNx8El,3,
jB98WY,2,$20-$40
LdM4Op,2,
qbE8gG,1,
bl41zZ,1,
xdN8yk,More than 4,$40-$60
rlr8LX,1,$40-$60
jB98ga,1,
pLPY01,2,
GrBODO,More than 4,$20-$40
7d97a0,1,$20-$40
WApale,1,$20-$40
0EjqlN,,
oAV8dN,2,$40-$60
0Ejqaj,2,
5dqaeZ,3,$80-$100
g5N8v4,2,$60-$80
oAV8lb,1,$40-$60
AlbMyz,2,
jB9871,2,$40-$60
9dJA2E,1,$20-$40
PABZBx,1,$20-$40
DVvRWR,1,$40-$60
dY2JDV,4,>$100
bl41Y1,1,<$20
rlr8vR,2,$80-$100
xdN89d,3,$40-$60
kYR8Jo,2,$80-$100
YZz7xW,1,$60-$80
RzBq29,1,
24x9DD,2,
rlr8k2,1,$20-$40
7d97ER,1,$20-$40
GrBOBO,2,$40-$60
42NlPr,3,$40-$60
XeB6OP,1,$40-$60
VZ1W4y,More than 4,>$100
kYR8ve,2,$20-$40
YZz7oN,2,$20-$40
OABxYM,2,$20-$40
xdN8lv,1,<$20
eBxgYk,1,$40-$60
RzBqj9,2,<$20
1r2QGg,2,$60-$80
pLPYZJ,2,
MAdj6k,3,>$100
OABxER,1,$20-$40
BGbJ0K,2,$20-$40
qbE8jO,More than 4,$40-$60
kYR8ze,1,>$100
GrBODQ,More than 4,$20-$40
vNx8KD,2,$40-$60
oAV8VN,1,$20-$40
VZ1Wxg,2,$40-$60
24x9Oe,2,$40-$60
KMBrO8,1,$20-$40
WApa1v,1,$20-$40
bl41gL,1,<$20
EPbovB,1,$60-$80
ylq8e8,3,$20-$40
24x9ZL,2,>$100
MAdjGM,2,$20-$40
24x9Zj,1,$20-$40
rlr8kR,2,$40-$60
g5N8pl,2,$40-$60
rlr8qN,3,$20-$40
ylq87g,1,$20-$40
GrBO7Z,3,>$100
NAB2Rj,1,$20-$40
RzBqkj,2,$40-$60
xdN86r,1,$20-$40
9dJArQ,1,>$100
EPboa4,2,$80-$100
WApaQN,1,$20-$40
42NlN5,1,$20-$40
AlbM50,2,$40-$60
QABNap,2,<$20
dY2Jkd,1,$40-$60
RzBqr9,1,$40-$60
lNl89W,3,$80-$100
PABZGB,1,$80-$100
RzBqjj,1,$40-$60
LdM4ov,1,$20-$40
GrBO5k,2,$40-$60
ZdRbWo,2,$80-$100
AlbMQD,1,$20-$40
42NlqX,1,$20-$40
24x9D9,3,$20-$40
oAV81V,1,
QABNE7,More than 4,$80-$100
6dQ6QN,2,$40-$60
KMBrkV,1,$20-$40
g5N8NJ,2,$40-$60
aBrpab,Less than 1,$20-$40
OABxVR,4,
aBrpPq,1,
bl41vZ,2,<$20
oAV8kO,2,
qbE8NG,2,>$100
eBxgoe,2,$20-$40
aBrpkB,2,$60-$80
vNx8g0,1,$20-$40
NAB2Ol,1,$60-$80
GrBObk,2,$20-$40
kYR8x1,1,>$100
g5N8z4,2,$20-$40
lNl8zv,2,$40-$60
jB98z4,2,$20-$40
RzBqVj,1,$40-$60
BGbJ6Q,2,>$100
5dqagd,3,
QABN8Y,3,$60-$80
24x9o9,1,$40-$60
BGbJ9Q,2,$20-$40
PABZrV,2,$20-$40
lNl84k,2,>$100
rlr8YR,3,$80-$100
zKQ8L0,1,$40-$60
NAB2El,2,$80-$100
9dJAMV,3,$60-$80
YZz79J,2,$40-$60
5dqaod,2,$40-$60
GrBOgp,1,>$100
dY2Jgo,3,$40-$60
AlbMAe,2,$20-$40
XeB6d4,More than 4,>$100
QABNX8,1,$20-$40
1r2QBp,2,$40-$60
VZ1WY6,2,$40-$60
LdM4Vv,1,
6dQ6MJ,1,$40-$60
oAV8vx,2,$20-$40
oAV8gP,1,$40-$60
EPboJ2,1,$60-$80
MAdjVA,1,$40-$60
EPboEX,3,$20-$40
6dQ64k,3,$40-$60
NAB240,3,$20-$40
pLPYzB,2,
OABxEg,2,$80-$100
NAB2gB,2,$40-$60
vNx8vQ,1,$20-$40
LdM4yj,2,
qbE8k9,2,$40-$60
qbE8v9,1,$20-$40
dY2J8d,3,
jB98Yx,Less than 1,<$20
rlr8gN,1,$80-$100
XeB6Ng,2,$20-$40
OABx97,3,$40-$60
42NlEX,1,$40-$60
LdM4al,2,$20-$40
ZdRbDB,1,$20-$40
6dQ6Vk,2,$40-$60
8dpbVx,1,$20-$40
6dQ65P,2,
1r2Q6l,3,<$20
7d97MR,Less than 1,$20-$40
ylq8GB,1,<$20
kYR8p1,2,$60-$80
8dpbgx,2,$40-$60
VZ1Wqg,2,$20-$40
WApaBa,2,$40-$60
dY2J1q,2,$20-$40
vNx8W0,1,$40-$60
5dqaOo,2,$60-$80
QABNWp,Less than 1,<$20
ZdRbQo,1,$40-$60
NAB2yB,2,>$100
oAV81e,2,$40-$60
PABZYx,2,$20-$40
PABZWb,1,$20-$40
XeB6v4,More than 4,$20-$40
9dJAxQ,2,$40-$60
DVvRE5,2,$40-$60
lNl87X,1,$20-$40
eBxgye,1,$20-$40
aBrpgq,1,$20-$40
OABxrR,3,$40-$60
WApajv,3,
1r2QxQ,1,$40-$60
AlbM9z,3,$40-$60
8dpbWO,1,$40-$60
7d97zA,1,$20-$40
24x9zV,2,<$20
VZ1W9j,2,
rlr8YN,2,$40-$60
xdN80d,2,$40-$60
1r2QgW,3,$20-$40
EPbo64,2,$60-$80
qbE877,3,$40-$60
KMBrGV,2,$40-$60
6dQ6WY,2,>$100
EPboA4,1,<$20
PABZy5,1,$20-$40
ZdRbgz,1,$20-$40
EPbo6r,1,$40-$60
6dQ6zB,2,$40-$60
LdM4Ey,3,$40-$60
ylq8gg,1,$20-$40
42NlOY,2,$20-$40
MAdjPM,2,$60-$80
8dpb5O,4,$60-$80
1r2QRl,2,<$20
jB985Q,2,>$100
J2kEBo,2,<$20
eBxgvk,2,$60-$80
7d97jZ,2,$20-$40
dY2JzK,1,$40-$60
PABZe5,1,$40-$60
J2kEGo,1,$20-$40
ylq8zx,1,$40-$60
WApapR,Less than 1,
xdN8z5,2,$20-$40
NAB2dj,2,$20-$40
ylq81x,1,$20-$40
vNx8zD,1,$40-$60
oAV8zP,3,$20-$40
QABNkG,1,$20-$40
8dpbDA,1,
YZz760,2,
PABZqd,3,$80-$100
oAV8LX,2,$80-$100
XeB6Pd,2,<$20
AlbMRB,2,$60-$80
jB98XR,2,$20-$40
NAB2Zb,Less than 1,<$20
aBrpMy,2,$20-$40
OABxKK,2,$20-$40
pLPYlP,Less than 1,
EPbooq,Less than 1,<$20
XeB6je,2,
PABZq0,2,$60-$80
GrBOE2,1,>$100
pLPYYZ,1,$20-$40
GrBOVj,2,>$100
DVvROb,2,
rlr8Z5,1,$60-$80
KMBr2M,2,$20-$40
kYR8BJ,2,$40-$60
aBrpJ9,1,<$20
bl41a0,2,$60-$80
RzBqyp,2,$20-$40
1r2Q0M,2,$40-$60
GrBOO2,3,$20-$40
jB98V6,1,$20-$40
QABNpg,3,$40-$60
DVvR6j,2,$40-$60
xdN8q9,1,$20-$40
xdN8W9,2,$20-$40
9dJAzX,2,
rlr8ep,4,$20-$40
WApa4L,2,$40-$60
lNl8pV,2,<$20
9dJAbX,2,$60-$80
zKQ8A1,2,<$20
QABNP1,2,<$20
pLPYEE,Less than 1,<$20
GrBOMQ,2,$20-$40
RzBqpQ,2,$40-$60
24x9MM,1,<$20
7d9rX0,2,<$20
YZz72z,Less than 1,<$20
42Nl0b,2,$20-$40
lNl8JX,1,>$100
xdN8kd,Less than 1,<$20
VZ1WWE,1,$20-$40
bl4QV6,1,<$20
LdM4xG,3,$80-$100
VZ1OLj,2,$60-$80
KMBrrk,1,$40-$60
5dqaWQ,2,$60-$80
NAB22W,More than 4,>$100
eBxWZx,3,>$100
OABxOM,2,$40-$60
lNl825,4,$40-$60
EPboy2,1,$40-$60
LdM48z,2,$40-$60
KMBKYX,3,$40-$60
NAB21W,1,<$20
42NlMo,Less than 1,$20-$40
BGbJv4,2,$20-$40
rlr8No,1,$20-$40
24xGEe,2,$20-$40
lNlkBN,2,$20-$40
eBxWae,2,$20-$40
WApavR,4,$40-$60
1r2o9p,2,$20-$40
OABM7R,1,$20-$40
aBrqOX,2,$20-$40
qbE1GG,1,$40-$60
8dp4aP,2,$40-$60
0EjR7j,2,<$20
YZz7EN,2,$20-$40
OABxRk,2,$40-$60
AlbMgN,1,$20-$40
lNlk6k,Less than 1,
OABxWM,2,$40-$60
xdN5Yy,2,$20-$40
AlbMYB,3,$40-$60
ylq5Jg,1,$20-$40
VZ1WRj,2,$60-$80
jB9Ala,3,$60-$80
YZzl4B,4,$40-$60
J2kvz4,2,$20-$40
oAV8W5,2,$60-$80
oAVLGe,2,$80-$100
KMBKlA,Less than 1,$20-$40
6dQEDY,2,$20-$40
1r2o7Q,2,$40-$60
1r2oVQ,2,$40-$60
0EjR8y,2,$20-$40
LdMLzp,2,>$100
LdML7p,1,$40-$60
jB9Ab4,2,$20-$40
aBrq4B,1,$20-$40
DVv6Nq,3,$40-$60
DVv6pR,2,$20-$40
rlrMON,1,$20-$40
g5N6Ml,2,$20-$40
NAB1oB,4,$60-$80
VZ1Ojy,2,<$20
dY2exq,3,$20-$40
RzByo9,1,$40-$60
rlrMoN,Less than 1,
XeBP4g,Less than 1,<$20
DVv6qN,3,
vNx5P0,3,$40-$60
6dQEZk,3,$80-$100
qbE1d7,Less than 1,
bl4QeL,1,$20-$40
PABJ55,3,$20-$40
aBrq9b,2,$40-$60
LdMLPv,2,$20-$40
qbE1VY,2,$20-$40
oAVLEx,2,$20-$40
PABJ1V,1,$40-$60
0EjR6N,2,$60-$80
BGbW75,2,$20-$40
8dp4L5,2,$40-$60
GrBARZ,1,$20-$40
rlrMBR,1,$40-$60
J2kEvY,2,
GrBAve,1,$40-$60
g5N6qO,Less than 1,$20-$40
J2kvOo,2,$40-$60
GrBAlp,3,$60-$80
7d9r2P,3,$60-$80
1r2odl,1,$20-$40
J2kvdR,1,$20-$40
jB9APx,2,$20-$40
DVv6kZ,1,$20-$40
xdN8Ok,1,$20-$40
NAB1qO,3,$40-$60
GrBA9Z,3,$60-$80
bl4Qdg,2,$20-$40
5dqPZo,2,$40-$60
J2kEyz,3,$40-$60
jB98j9,2,$40-$60
DVv67R,4,$40-$60
QABlV8,1,<$20
LdMLpj,1,$20-$40
42NVrX,2,$40-$60
VZ1OpM,2,$20-$40
42NlWr,1,$40-$60
KMBKV8,1,$40-$60
aBrq6q,2,$20-$40
oAVLeP,2,
YZzlPW,1,$20-$40
zKQ5jM,3,$40-$60
XeBPJY,2,$60-$80
kYRB61,2,$80-$100
zKQ5y0,3,$40-$60
RzBy5d,4,$80-$100
ZdRrNy,2,$20-$40
6dQE7B,2,$60-$80
0EjRey,2,$20-$40
QABlDp,1,$20-$40
24xGB9,2,$40-$60
EPb7QX,2,$20-$40
qbE1AY,2,$60-$80
RzByD9,2,$20-$40
42NVQY,2,$20-$40
EPb7XX,1,$20-$40
Albe2z,3,$40-$60
PABJ9V,3,$40-$60
rlrM5R,More than 4,$40-$60
kYR8Pj,2,$40-$60
J2kvqK,Less than 1,$20-$40
J2kv1K,3,$20-$40
PABJpB,1,$20-$40
EPb7l4,3,$40-$60
XeBP0j,1,$80-$100
vNx5Yv,2,$60-$80
NAB1WB,2,$40-$60
42NV8k,2,$60-$80
VZ1OQg,2,$60-$80
LdMLWj,4,$40-$60
LdMLKv,1,<$20
zKQ5Ya,2,$40-$60
pLPpoJ,1,$40-$60
lNlkqv,2,$40-$60
GrBO2O,2,$20-$40
KMBK1A,Less than 1,<$20
dY2e9o,1,$20-$40
9dJjQp,4,$60-$80
QABl58,3,$40-$60
BGbWk5,2,$20-$40
24xGPj,2,$40-$60
0EjRdB,More than 4,$40-$60
RzByPd,2,$80-$100
RzBq9P,2,$40-$60
PABJ65,2,$20-$40
oAVLRP,2,$20-$40
24xGPL,Less than 1,$20-$40
rlr84L,1,<$20
VZ1O0v,2,$40-$60
8dp4xO,2,$20-$40
bl4QWL,2,$40-$60
qbE1a9,2,$20-$40
VZ1O5J,3,$80-$100
rlrMPl,Less than 1,$20-$40
EPb7XN,2,$20-$40
dY2e0o,1,$20-$40
lNlkyB,3,<$20
BGbJo7,3,>$100
xdN5ay,2,>$100
GrBAdp,Less than 1,<$20
BGbWxQ,3,$20-$40
MAdpzp,2,>$100
RzBy0J,2,$40-$60
PABJ1e,2,$20-$40
XeBPWj,1,$20-$40
g5N6Gl,3,$60-$80
jB9AZJ,1,$40-$60
g5N6e4,3,$40-$60
0Ejq9Q,2,$80-$100
xdN8EG,2,$40-$60
zKQ5Da,1,$40-$60
xdN5Xv,2,$80-$100
24xGAj,2,>$100
lNl8j5,2,$20-$40
YZz7Nv,2,$20-$40
VZ1OEj,2,$80-$100
oAVLAV,2,
vNx52A,Less than 1,
bl4Qlo,3,$80-$100
PABJ0Q,1,
42NVkO,2,$20-$40
9dJjdY,2,$60-$80
WApV0J,Less than 1,<$20
1r2oEM,4,<$20
jB9AME,2,$80-$100
GrBAro,2,$40-$60
KMBK67,Less than 1,$20-$40
xdN5QG,1,$60-$80
XeBPe4,1,$20-$40
8dp4kx,2,$20-$40
EPb71N,3,$20-$40
qbE1Wd,3,
eBxWBO,2,$20-$40
6dQExe,2,$40-$60
24xGrp,2,$60-$80
0EjRbQ,Less than 1,
5dqP2M,3,$40-$60
QABlrg,1,$20-$40
xdN5Qo,2,$20-$40
MAdpJg,Less than 1,
vNx5AQ,1,<$20
YZzldq,1,$20-$40
RzByYp,3,
zKQ5zq,1,$20-$40
5dqPkd,3,$80-$100
dY2eZN,1,
1r2ovO,2,$60-$80
PABJB0,1,$40-$60
AlbeDW,1,$20-$40
GrBA1o,2,>$100
6dQE15,2,$40-$60
LdMLG1,3,$60-$80
LdML0G,1,$40-$60
zKQ5Kq,Less than 1,<$20
J2kvJY,3,$80-$100
rlrMVM,4,$80-$100
DVv6eb,1,$20-$40
5dqPdd,2,$40-$60
RzByLl,2,$20-$40
5dqPvP,3,$40-$60
YZzlV0,2,$20-$40
vNx54A,1,$20-$40
XeBPG4,3,
jB9ABE,2,$40-$60
PABJ8P,1,
RzBy4J,4,$40-$60
jB9AxR,3,$40-$60
dY2eYA,2,$40-$60
0EjRJ0,1,$40-$60
PABJvP,2,$20-$40
DVv60p,1,$20-$40
rlrMKv,Less than 1,$20-$40
9dJjJ4,2,$20-$40
oAVL0M,1,$60-$80
vNx5Od,1,$20-$40
QABlYA,2,$40-$60
24xGkp,2,$60-$80
7d9roL,3,$40-$60
lNlkNW,2,$20-$40
g5N64N,2,$40-$60
g5N65d,1,$20-$40
7d9rdA,2,$60-$80
lNlkL5,2,$60-$80
rlrMKM,2,
0EjRoQ,3,$40-$60
GrBA1j,Less than 1,<$20
qbE1b7,2,$20-$40
oAVLVM,1,$20-$40
RzByRl,1,$20-$40
g5N6QK,1,$20-$40
GrBAYz,1,
QABlBk,2,$20-$40
vNx5NQ,2,$20-$40
6dQEro,2,$60-$80
eBxWNo,1,$20-$40
NAB1MN,2,$20-$40
dY2eDy,1,<$20
MAdpvE,1,$20-$40
MAdp5Y,2,$20-$40
9dJjE1,2,>$100
PABJ20,2,$20-$40
8dp4eA,2,$40-$60
DVv65b,2,$40-$60
qbE1o8,2,$20-$40
OABMBA,2,<$20
oAVLlM,More than 4,$20-$40
5dqPEb,2,$20-$40
6dQEOO,2,$80-$100
jB9A99,2,$20-$40
7d9r46,1,$20-$40
qbE1Yk,2,$20-$40
pLPpWZ,1,$40-$60
VZ1Olv,1,$40-$60
OABMJp,3,$40-$60
aBrqry,2,$40-$60
7d9r9z,3,$60-$80
oAVLl5,2,<$20
aBrqZW,1,$80-$100
lNlk06,4,$60-$80
ZdRrGv,1,$40-$60
xdN5ZG,3,$40-$60
lNlkYV,3,$40-$60
VZ1OME,1,$40-$60
rlrMrL,1,$40-$60
42NVAd,3,$40-$60
jB9AJ1,2,$60-$80
rlrMr5,1,
WApVpQ,2,
ZdRrvA,More than 4,$80-$100
8dp4dx,1,$40-$60
vNx5JX,1,$20-$40
zKQ5e1,Less than 1,<$20
lNlkKV,2,$40-$60
rlrMJX,2,$20-$40
8dp4PY,1,
LdMLaz,1,$60-$80
rlrM0L,2,$20-$40
PABJBd,1,
NAB1Rp,2,$20-$40
42NV9d,2,$80-$100
jB9A76,2,$40-$60
OABMLK,3,$20-$40
GrBABz,2,$40-$60
YZzlY6,Less than 1,<$20
YZzlo0,1,$40-$60
g5N671,2,>$100
qbE1k5,2,$20-$40
7d9r16,Less than 1,$20-$40
24xGkV,1,$20-$40
BGbWA4,1,$40-$60
rlrMJp,2,$40-$60
bl4Qr2,3,$60-$80
aBrqDE,2,$60-$80
YZzlrq,1,$20-$40
VZ1O9l,2,$40-$60
EPb7Lo,4,$80-$100
jB9A09,2,$20-$40
GrBAL2,1,
EPb7Z2,2,$20-$40
EPb7vA,Less than 1,$20-$40
42NVPo,2,$80-$100
g5N6JM,2,$20-$40
9dJj2K,2,>$100
xdN5Rk,2,$80-$100
24xGvA,2,$20-$40
AlbeWo,2,
ZdRrza,2,$40-$60
qbE1Ek,1,
1r2oN4,3,>$100
VZ1ObN,4,$20-$40
24xGxA,1,$60-$80
pLPpRy,2,$20-$40
J2kvk7,2,$40-$60
oAVL55,2,$40-$60
lNlkWp,2,$40-$60
QABl8l,2,>$100
eBxWxo,Less than 1,<$20
eBxW2E,2,$40-$60
rlrMd5,4,$20-$40
8dp4Ak,1,
RzByvv,2,$80-$100
rlrM2p,4,$40-$60
24xG1g,3,$20-$40
EPb7BL,1,$40-$60
eBxWKJ,1,$40-$60
zKQ5J8,2,$20-$40
ZdRrZ5,2,$20-$40
1r2o2L,1,$40-$60
xdN599,4,$20-$40
YZzlpz,2,$40-$60
bl4Q82,Less than 1,<$20
PABJ80,3,$40-$60
24xGOb,2,$40-$60
5dqPGP,2,$40-$60
bl4Q4E,2,$20-$40
KMBKBK,2,$20-$40
DVv6Jj,2,$40-$60
eBxW7E,3,$60-$80
GrBAoz,3,$40-$60
EPb70o,2,$80-$100
kYRBJd,2,$40-$60
J2kv2d,1,$20-$40
OABMdk,2,$60-$80
LdMLvz,Less than 1,$20-$40
0EjRv0,1,
VZ1OZv,2,<$20
5dqPLM,2,$20-$40
LdMLXG,2,$80-$100
RzByZP,2,$40-$60
42NVvB,Less than 1,<$20
GrBAqO,3,>$100
BGbWj4,Less than 1,$80-$100
BGbWB7,1,$20-$40
ylq5o6,3,$20-$40
J2kvLJ,3,>$100
42NVjb,1,$20-$40
bl4Q2E,1,$20-$40
5dqPev,1,$20-$40
6dQEvO,3,$40-$60
jB9ALR,2,$40-$60
9dJjpK,2,$40-$60
LdMLE2,1,$20-$40
xdN54E,1,$60-$80
J2kvV7,1,$20-$40
8dp46k,3,$80-$100
1r2oD4,2,$20-$40
bl4QK0,1,$20-$40
DVv6AX,2,>$100
QABlxk,1,$80-$100
aBrqjy,2,<$20
XeBP1e,4,>$100
qbE1P2,2,$60-$80
9dJjlG,2,$60-$80
WApVPJ,2,$60-$80
jB9A5Y,3,$40-$60
OABMjA,2,$40-$60
DVv6V5,3,$80-$100
XeBPMd,2,$40-$60
6dQEAo,1,$20-$40
jB9AG9,1,$20-$40
pLPpVV,More than 4,$60-$80
rlrMYo,3,
5dqPpQ,3,$20-$40
rlrMbN,2,
zKQ51g,1,$20-$40
7d9rp2,2,$20-$40
5dqPMQ,2,$20-$40
9dJjrE,1,$20-$40
MAdp78,1,$20-$40
kYRBpo,2,
pLPpz1,Less than 1,$20-$40
KMBKgX,2,$60-$80
QABlk1,Less than 1,<$20
XeBPzz,1,
8dp4gP,,
PABJ41,1,$20-$40
QABlO1,1,$20-$40
RzByjK,2,$60-$80
kYRBrr,3,$20-$40
PABJGx,2,>$100
vNx5gl,1,$40-$60
eBxWzx,3,$60-$80
WApVZe,Less than 1,$20-$40
Albeae,1,$20-$40
lNlkMX,2,$40-$60
OABMVa,1,$20-$40
XeBP2z,1,$20-$40
eBxWpl,3,$20-$40
EPb7gB,2,
RzBy2K,3,$40-$60
1r2oBg,3,
GrBAjZ,3,$40-$60
KMBKaD,4,$20-$40
ZdRrQV,Less than 1,<$20
1r2oRg,2,$20-$40
kYRBkZ,1,$20-$40
oAVLzb,2,$20-$40
aBrqzZ,Less than 1,<$20
rlrMvX,2,$20-$40
EPb76l,2,$40-$60
24xGDM,1,$60-$80
7d9rPa,1,<$20
DVv69R,2,$40-$60
42NVdA,2,$20-$40
g5N6OP,2,>$100
J2kvZR,2,$60-$80
RzBylj,2,$80-$100
qbE1zO,2,$20-$40
jB9AEQ,2,$40-$60
xdN5ov,1,$20-$40
9dJja5,2,$20-$40
EPb7N2,1,
kYRBQe,2,$80-$100
24xGVD,2,$20-$40
VZ1O46,4,$40-$60
PABJee,2,$20-$40
eBxWYQ,1,<$20
qbE1NO,2,$20-$40
oAVLaP,3,$20-$40
LdMLgl,2,$40-$60
ylq5zd,3,$40-$60
NAB1EO,1,$80-$100
7d9rj0,1,$40-$60
ZdRrKB,2,$20-$40
xdN56d,1,$20-$40
rlrMg2,3,$40-$60
qbE1pg,1,$20-$40
pLPpXJ,3,$60-$80
xdN5vk,2,$20-$40
vNx5a0,More than 4,>$100
LdML6J,1,$20-$40
bl4QML,2,
6dQEyJ,1,$20-$40
xdN5L5,2,$60-$80
OABMra,1,$20-$40
jB9AgQ,1,$20-$40
EPb7AB,3,$80-$100
GrBAQO,2,$80-$100
lNlk9v,2,$60-$80
eBxWox,3,<$20
VZ1OyM,1,<$20
KMBKNV,1,$20-$40
OABMyY,2,$40-$60
WApVjR,1,$20-$40
OABMKR,2,$20-$40
YZzlyW,4,
BGbWVK,2,$20-$40
XeBPyL,3,$80-$100
VZ1OBg,1,$40-$60
1r2ox1,Less than 1,<$20
LdMLVl,1,$20-$40
oAVLQO,2,$20-$40
pLPpNJ,Less than 1,<$20
eBxWPk,2,$20-$40
VZ1Oxj,Less than 1,<$20
zKQ54R,2,$40-$60
Albeyl,2,
eBxWyl,1,$40-$60
rlrM1R,1,$40-$60
24xGZD,2,$80-$100
VZ1Oyy,Less than 1,$20-$40
XeBPdg,1,$40-$60
rlrMRN,2,>$100
6dQEGk,2,$20-$40
EPb7YB,1,$20-$40
7d9rEa,2,$40-$60
ylq5Rx,2,$20-$40
MAdpgk,1,$20-$40
g5N6vJ,1,$40-$60
0EjRlB,3,$20-$40
9dJjPQ,2,$60-$80
AlbeND,1,$20-$40
OABMkM,2,$80-$100
zKQ5dk,2,<$20
7d9rgR,3,$40-$60
vNx5pl,1,$20-$40
EPb7e4,2,$40-$60
DVv6PZ,2,$20-$40
MAdpPk,2,$20-$40
ylq5rg,Less than 1,<$20
24xG7M,1,$60-$80
bl4Qz6,1,$20-$40
6dQE9Y,2,$20-$40
eBxWvQ,2,$60-$80
ZdRrXo,1,$20-$40
24xGy9,1,$40-$60
xdN57r,1,<$20
lNlkXk,2,<$20
9dJjyV,2,$40-$60
RzBy19,2,$40-$60
J2kvgK,1,$20-$40
J2kvbo,2,$40-$60
DVv6ZE,1,$40-$60
aBrq1B,2,
XeBPvY,2,<$20
ZdRrAo,1,$20-$40
NAB1O0,3,$60-$80
J2kvBr,2,$60-$80
ylq5px,2,$20-$40
KMBKRg,2,$40-$60
OABMyg,2,$60-$80
oAVLax,2,$60-$80
VZ1OXg,2,$40-$60
WApVdv,2,$40-$60
aBrqXB,1,
EPb7rr,2,$60-$80
NAB1gO,2,$40-$60
XeBPkY,3,$20-$40
vNx5Wg,2,$40-$60
LdMLOy,1,$20-$40
aBrqa2,2,$40-$60
WApVXN,2,$20-$40
OABMeg,3,$20-$40
NAB1xl,2,$60-$80
dY2ekV,2,$80-$100
LdMLBv,2,$40-$60
Albe0e,1,$20-$40
eBxW8e,2,$40-$60
8dp4V5,2,>$100
1r2ozp,2,$40-$60
DVv6al,2,$40-$60
QABl4Y,1,$80-$100
DVv6EZ,2,$20-$40
J2kvxR,3,$40-$60
eBxWGe,1,$80-$100
KMBKA8,1,$60-$80
DVv6Wl,2,$40-$60
QABlyG,Less than 1,<$20
pLPp58,3,$40-$60
VZ1Oqj,1,$20-$40
XeBPNP,1,$20-$40
jB9Aq4,Less than 1,$20-$40
qbE1M9,3,$20-$40
5dqPON,2,$40-$60
rlrMW2,2,$20-$40
dY2ezr,2,$40-$60
oAVLgb,1,$80-$100
GrBAaZ,2,$60-$80
7d9rOZ,2,$20-$40
kYRB1e,1,<$20
24xGzj,4,>$100
XeBPQP,3,$20-$40
9dJj4E,2,$20-$40
MAdpqA,Less than 1,$20-$40
AlbeOz,2,$40-$60
NAB1Qj,3,$80-$100
GrBA5O,Less than 1,<$20
24xGYj,2,$20-$40
kYRBXR,2,$20-$40
WApV6N,3,$20-$40
dY2eXo,2,$20-$40
QABlp7,2,$60-$80
ylq5GX,1,<$20
EPb7Al,1,$40-$60
42NVEA,1,$40-$60
aBrqgb,2,$40-$60
42NVYX,2,$40-$60
oAVL1x,2,$40-$60
KMBKZV,1,$60-$80
1r2oyl,Less than 1,$20-$40
42NVEr,2,$20-$40
g5N614,2,$40-$60
0EjRyj,4,$80-$100
6dQEzJ,3,$20-$40
jB9Ara,Less than 1,$20-$40
dY2e4K,Less than 1,<$20
zKQ5vM,2,>$100
YZzlgW,1,<$20
pLPpZ1,1,$20-$40
J2kvro,1,$40-$60
xdN5B5,4,
rlrMp2,1,$40-$60
QABlWG,2,>$100
vNx5d4,1,$40-$60
jB9AzQ,1,$40-$60
MAdp2M,1,$20-$40
7d9rYZ,2,$40-$60
g5N6XO,2,$20-$40
PABJr1,2,$20-$40
RzByg4,1,$20-$40
MAdpGl,2,$20-$40
g5N6rD,1,$40-$60
RzByaj,2,$20-$40
PABJLV,2,$40-$60
GrBA4k,2,<$20
zKQ5o0,2,<$20
dY2eyA,1,
GrBAOp,1,$20-$40
qbE1QY,1,$40-$60
9dJj0p,1,
EPb77N,1,$20-$40
YZzlbB,4,$60-$80
Albeek,2,$20-$40
WApV7a,2,$60-$80
kYRBPM,1,$40-$60
GrBAAo,2,$40-$60
rlrMMl,2,$20-$40
VZ1Oag,2,$20-$40
5dqPa6,2,$40-$60
J2kvj4,2,$60-$80
XeBPAj,1,$40-$60
24xGdL,1,$40-$60
qbE117,1,$20-$40
42NVVk,2,$40-$60
5dqPYo,2,$20-$40
J2kv4d,1,$80-$100
EPb7VX,Less than 1,<$20
LdMLxj,4,$60-$80
1r2o0Q,1,$60-$80
bl4QJo,2,$40-$60
42NV6b,2,$20-$40
aBrqJv,1,$20-$40
OABMM7,Less than 1,$40-$60
42NVMb,2,$80-$100
WApVaj,1,$40-$60
RzByQ9,2,$20-$40
OABMM8,2,$80-$100
42NVlk,1,$20-$40
XeBP6j,1,<$20
WApVLJ,Less than 1,
eBxWWO,1,$20-$40
PABJqb,2,$40-$60
6dQEBB,1,$60-$80
GrBAEp,2,$20-$40
xdN5qo,2,$40-$60
g5N6VO,2,$60-$80
eBxWXO,1,$40-$60
KMBKj7,2,$60-$80
5dqP06,2,$40-$60
zKQ58a,3,$80-$100
EPb7RN,2,$40-$60
DVv685,2,$60-$80
RzByed,2,$40-$60
oAVLjV,2,$60-$80
dY2ery,1,$20-$40
pLPp2b,2,$40-$60
QABlN8,2,$20-$40
GrBAZj,Less than 1,<$20
YZzl75,1,$40-$60
ylq58B,1,$40-$60
ylq5AB,Less than 1,<$20
AlbeR0,2,$40-$60
dY2eoo,1,$20-$40
YZzlAd,2,$40-$60
NAB1NB,1,$40-$60
aBrqR9,1,<$20
LdMLr1,1,$80-$100
zKQ5k1,1,$40-$60
42NVbO,1,<$20
oAVLJ1,1,$40-$60
jB9AN6,1,$20-$40
qbE1l7,Less than 1,<$20
42NV0X,3,$20-$40
7d9rrA,1,<$20
5dqPNM,2,$40-$60
ZdRrbz,3,$40-$60
vNx5RA,1,$20-$40
0EjRqN,1,$20-$40
vNx59Q,2,$60-$80
EPb72o,Less than 1,<$20
dY2eJq,1,$20-$40
g5N6od,2,
PABJxb,Less than 1,$60-$80
6dQEEB,2,$40-$60
6dQE6P,2,$40-$60
pLPpYq,1,$40-$60
RzByyJ,1,
XeBP7g,3,$40-$60
rlrM8l,1,$20-$40
RzByqd,2,$20-$40
9dJjKY,1,<$20
RzByNl,Less than 1,<$20
VZ1O7J,2,$80-$100
vNx5kd,2,$40-$60
8dp4DO,1,$20-$40
7d9rkA,1,$40-$60
GrBAAp,3,$60-$80
rlrMQN,1,$20-$40
GrBAW2,1,$20-$40
6dQEqe,1,$20-$40
RzBypp,2,$60-$80
zKQ5AR,1,$20-$40
eBxWg0,3,$20-$40
jB9AAx,Less than 1,<$20
oAVLLV,Less than 1,$20-$40
YZzl6d,3,$60-$80
g5N6EN,Less than 1,<$20
xdN5AG,1,$40-$60
lNlkp5,2,$20-$40
ZdRrBy,1,$20-$40
YZzl2q,2,$20-$40
rlrM75,1,$20-$40
zKQ5Ba,Less than 1,<$20
0EjRX0,1,$20-$40
VZ1OgE,2,$80-$100
9dJjjY,2,$40-$60
J2kvE4,1,$20-$40
rlrM4M,3,$40-$60
1r2oLM,3,
8dp4Bx,Less than 1,<$20
jB9A4a,2,$40-$60
42NVVO,2,$60-$80
bl4QRg,3,$40-$60
pLPpqq,Less than 1,$20-$40
AlbeXk,2,
42NV6O,3,$40-$60
GrBAM2,2,$80-$100
LdML4j,1,<$20
42NVeB,1,$20-$40
QABllp,3,$80-$100
RzByNJ,1,$40-$60
oAVLP1,2,$40-$60
kYRBj1,2,$40-$60
EPb79q,3,$40-$60
aBrqMq,1,$20-$40
GrBAVZ,2,<$20
5dqP7d,1,<$20
kYRBL6,2,$20-$40
DVv6oR,1,$20-$40
GrBAGj,2,$40-$60
24xG9L,1,<$20
lNlkGW,2,$20-$40
vNx58v,2,$20-$40
g5N6BN,Less than 1,<$20
OABMRK,2,$60-$80
eBxWVq,2,$20-$40
g5N621,1,$80-$100
5dqPJM,Less than 1,$20-$40
7d9ryL,1,$20-$40
aBrq7E,1,$60-$80
XeBPa4,2,$20-$40
kYRBqJ,2,$40-$60
24xGGL,1,$20-$40
aBrqqq,2,$40-$60
VZ1O6v,2,$40-$60
jB9AjR,2,<$20
AlbeM0,2,$60-$80
NAB1ZQ,3,$40-$60
xdN5GG,2,$20-$40
oAVLJX,Less than 1,<$20
lNlkx5,4,$20-$40
ZdRrqa,2,$40-$60
OABM28,More than 4,$20-$40
xdN5by,1,$20-$40
ylq5Lp,Less than 1,$20-$40
0EjR96,1,$20-$40
dY2eMA,2,$80-$100
jB9A4x,4,$20-$40
42NV5B,1,$20-$40
oAVLZP,2,$40-$60
EPb77X,3,$40-$60
pLPpQV,Less than 1,<$20
OABMq7,2,$40-$60
PABJJ5,2,$20-$40
1r2oQQ,4,$60-$80
6dQEoO,2,$40-$60
24xG6V,1,$20-$40
lNlkkB,2,<$20
oAVL8e,1,$20-$40
rlrMz5,2,$40-$60
42NV0k,2,$60-$80
MAdpZp,3,$60-$80
eBxW4E,More than 4,$20-$40
rlrM4v,1,
OABMx7,1,$20-$40
OABMZR,Less than 1,<$20
GrBAPo,1,$20-$40
PABJxQ,2,
jB9AKR,More than 4,$40-$60
QABl98,Less than 1,<$20
xdN55y,2,
lNlk8B,2,$60-$80
NAB1kW,4,$80-$100
PABJQ5,1,$60-$80
dY2eOz,2,<$20
LdML8G,Less than 1,<$20
ylq5O0,3,$20-$40
9dJjAp,1,$40-$60
NAB1GW,2,$60-$80
GrBAGo,1,$20-$40
7d9rG9,Less than 1,$20-$40
24xGWV,1,$20-$40
5dqPRP,2,$60-$80
KMBK9M,1,<$20
kYRB26,3,$20-$40
ZdRrry,Less than 1,$60-$80
g5N6ld,2,$20-$40
DVv6Qj,2,$60-$80
aBrqW9,1,
MAdpxX,3,>$100
rlrM9l,2,$20-$40
7d9r0P,2,
BGbWRN,1,$40-$60
BGbWNA,1,$20-$40
xdN5Wo,2,$40-$60
9dJjb1,3,$40-$60
bl4Q1g,1,$20-$40
9dJjeG,1,<$20
J2kvPd,1,$20-$40
EPb7oX,2,$20-$40
RzByAl,1,$60-$80
PABJKd,1,$20-$40
42NVZb,1,$80-$100
QABlZg,2,$40-$60
kYRBBM,Less than 1,$20-$40
qbE1r2,Less than 1,<$20
vNx55Q,2,$20-$40
YZzll5,2,$40-$60
QABlQp,3,$60-$80
jB9ARE,3,>$100
EPb7Ro,1,<$20
9dJjz4,2,
qbElL5,,
RzBy7P,1,$20-$40
pLPpjE,1,<$20
jB9AO6,3,
BGbWMA,2,$20-$40
dY2yqN,2,
ylqaNd,1,
zKQ5P8,4,$80-$100
24xGqb,2,<$20
MAdpog,2,$20-$40
YZzAPv,2,$40-$60
NAB1Kb,3,$20-$40
qbE1xk,1,$20-$40
PABqjP,1,<$20
rlrMx5,1,$40-$60
oAVj6M,2,$20-$40
rlrZ5X,2,$40-$60
OABN4a,2,
aBrMNW,1,$20-$40
ZdRrpv,1,$60-$80
VZ16zj,3,
0EjWQP,1,$40-$60
24x6Eg,1,$20-$40
zKQ6jg,More than 4,
24x6XM,2,$60-$80
5dqAXv,2,$40-$60
bl4Jq7,1,$40-$60
OABMpA,2,$20-$40
qbElGO,Less than 1,<$20
WAp79L,Less than 1,$20-$40
PABq11,1,$20-$40
eBxWdo,More than 4,$80-$100
QABlgk,1,$20-$40
NABZrp,1,$20-$40
8dp4vo,1,<$20
oAVL4M,1,$20-$40
8dplLl,1,<$20
MAdxD8,Less than 1,<$20
VZ16pN,2,$20-$40
jB9VDY,1,$60-$80
bl4J97,2,$40-$60
zKQ6xZ,Less than 1,<$20
6dQEb5,1,<$20
0EjWrQ,2,$40-$60
ZdRBOV,2,$80-$100
MAdxeE,2,$20-$40
VZ16p6,2,$40-$60
lNlEBX,1,$40-$60
dY2eLN,1,$40-$60
rlrZOo,2,
Albe1W,2,
1r2o1L,2,$20-$40
VZ16G6,2,$20-$40
zKQ6YM,Less than 1,<$20
BGbRde,3,$60-$80
rlrMNL,3,
LdMLA2,3,$60-$80
42NbKA,1,$20-$40
lNlEbV,2,>$100
pLP2rP,2,$20-$40
DVv6rp,2,$20-$40
lNlko6,2,$20-$40
eBxW1o,2,$20-$40
VZ16El,2,$20-$40
BGbWPY,1,$20-$40
AlbX7o,1,$40-$60
oAVLrM,1,$20-$40
1r2aW4,2,$60-$80
RzB9Kv,3,$80-$100
5dqAzE,2,
1r2oqO,1,$20-$40
42NbKr,2,$40-$60
24x6PD,2,$40-$60
OABNlM,2,<$20
8dp47Y,Less than 1,$20-$40
RzB9WQ,1,>$100
jB9VZ1,1,$80-$100
oAVj2b,3,$60-$80
jB9VlQ,4,$60-$80
GrBA2z,1,<$20
9dJKQ5,3,$20-$40
aBrMdX,2,$20-$40
EPbOWB,2,$40-$60
OABNQk,1,$80-$100
dY2yEV,1,$40-$60
vNx9Yl,2,$40-$60
dY2yWD,2,<$20
bl4J50,1,$20-$40
WAp7OL,2,$20-$40
zKQ6yk,1,$40-$60
DVvGKE,1,$40-$60
MAdxRk,1,
YZzlN6,Less than 1,$40-$60
zKQ6Ng,1,$20-$40
pLP2ey,2,$20-$40
KMBjeD,2,$40-$60
KMBjzD,Less than 1,$80-$100
5dqAKb,1,$20-$40
vNx9eg,2,$20-$40
aBrM4Z,1,$20-$40
EPb74L,3,$20-$40
kYRPbd,2,$20-$40
PABq91,2,$40-$60
RzB9oK,1,$20-$40
jB9Vb1,1,
qbE12k,3,$80-$100
J2k4dX,3,$40-$60
zKQ6DM,1,$40-$60
7d9kl6,2,$40-$60
8dplQz,2,<$20
QABQeY,Less than 1,<$20
6dQB8o,2,$40-$60
MAdxEk,2,$40-$60
6dQB7J,1,<$20
9dJK9E,2,$60-$80
XeBb0L,2,$20-$40
AlbX2y,1,$20-$40
QABQ5G,2,$40-$60
GrBPdk,3,$20-$40
kYRPEo,2,$60-$80
VZ165y,2,<$20
7d9kWR,4,$80-$100
xdNWMd,2,$40-$60
24x6jM,2,$20-$40
DVvGkl,2,$80-$100
7d9kx0,1,<$20
aBrMYb,2,$20-$40
XeBboP,3,$60-$80
oAVj9N,2,$20-$40
lNlEeo,1,$20-$40
LdM2zJ,2,$60-$80
YZzARv,1,$20-$40
bl4Je6,3,$20-$40
lNlEOo,1,$40-$60
rlrZDX,1,$40-$60
g5NoGD,2,$20-$40
vNx9Dg,3,
dY2yar,1,$40-$60
PABqj0,1,$20-$40
42Nb7r,1,$20-$40
VZ16zM,2,$40-$60
8dplzr,1,$40-$60
g5N6RK,1,<$20
EPbO52,4,>$100
g5NoqP,1,$40-$60
KMBj1X,Less than 1,$20-$40
jB9VQJ,1,$20-$40
24xGMA,Less than 1,<$20
6dQBLN,2,$40-$60
xdNWav,2,$20-$40
ylqaYX,Less than 1,<$20
KMBjVX,1,$40-$60
8dplKP,Less than 1,$20-$40
oAVjb5,2,$60-$80
rlrZao,1,$20-$40
EPbOQr,2,$20-$40
OABN1k,3,$60-$80
WAp75v,2,$40-$60
QABQVX,2,$20-$40
OABMOp,3,$40-$60
VZ1ORl,1,<$20
oAVj65,2,$40-$60
YZzlE0,2,$20-$40
aBrMQW,1,
rlrZA2,2,$40-$60
ylqa28,3,$60-$80
OABNQM,Less than 1,$20-$40
6dQBjA,1,$20-$40
BGbRxR,2,$20-$40
xdNWDd,2,$20-$40
pLPplE,2,>$100
eBxXZJ,2,$60-$80
BGbR7R,1,$20-$40
EPbOxB,2,$40-$60
qbElA9,1,$20-$40
0EjW6B,1,<$20
xdNWx9,1,$40-$60
PABJad,2,$20-$40
BGbRpe,1,$20-$40
WAp7Ee,2,$80-$100
DVvGdN,Less than 1,<$20
EPbOqA,2,$40-$60
42NbXo,3,>$100
qbElDO,1,$80-$100
kYRBDj,2,$40-$60
lNlkJp,3,<$20
24x68b,4,$20-$40
VZ16j6,Less than 1,<$20
1r2aA4,2,$20-$40
xdNWa5,3,$40-$60
8dplNk,4,$40-$60
BGbRXK,2,$80-$100
J2k4AK,2,$20-$40
NABZWj,2,$40-$60
1r2a91,3,$40-$60
42NbB5,Less than 1,$20-$40
aBrM5Z,1,$60-$80
0EjRN0,2,$20-$40
oAVjDN,4,>$100
pLP2dP,2,$20-$40
VZ16Qj,1,$20-$40
PABJa0,1,$20-$40
g5N6yK,2,$40-$60
NABZl0,2,$20-$40
AlbXve,2,$40-$60
GrBP6O,3,$40-$60
NABZoO,2,$60-$80
KMBj5g,3,
lNlErN,Less than 1,$20-$40
42NbxA,3,$40-$60
OABN7a,Less than 1,<$20
DVvGBE,Less than 1,$20-$40
LdMLRO,Less than 1,<$20
6dQBeN,1,$20-$40
5dqPWP,2,$40-$60
ZdRBEV,3,$40-$60
8dploo,Less than 1,
0EjW7A,3,$20-$40
0EjWOB,1,$20-$40
xdNWJd,4,$20-$40
dY2yNV,2,<$20
0EjR2Q,Less than 1,$20-$40
qbEla5,4,$40-$60
YZzAaW,More than 4,$20-$40
AlbXlz,,
OABNAg,,
NABZVl,,
0EjWj6,2,
24x649,2,$20-$40
dY2yYK,2,$40-$60
0EjWLN,3,
DVvGNZ,2,$40-$60
MAdx5M,1,$40-$60
zKQ6eR,2,$60-$80
NABZ0l,2,<$20
vNx920,Less than 1,<$20
RzB9zj,2,>$100
EPbOJX,,
oAVjvM,,
9dJK1Q,2,$40-$60
EPbOPr,2,
J2k42R,2,$80-$100
ylqaq4,2,$20-$40
8dplpx,2,$40-$60
rlrZLl,1,$20-$40
eBxX20,2,$20-$40
DVvGDq,3,>$100
42NboO,1,$20-$40
dY2yPo,3,$40-$60
GrBPJo,2,$40-$60
zKQ6W1,1,$20-$40
EPbOJN,2,$40-$60
eBxXL0,1,$60-$80
EPbO04,1,$40-$60
PABql5,2,$20-$40
1r2aEp,2,$60-$80
1r2avQ,1,$40-$60
aBrMrq,2,$20-$40
5dqAEM,1,$40-$60
rlrZdl,2,
aBrMGB,2,$40-$60
kYRP51,2,
PABqX5,1,$40-$60
ylqaop,2,$80-$100
5dqAeP,1,<$20
aBrMK9,2,<$20
aBrMEv,1,
MAdxOM,1,$60-$80
PABqbd,Less than 1,<$20
ZdRBP0,2,$20-$40
g5NoJ1,Less than 1,
VZ16bE,2,$60-$80
VZ168g,2,$20-$40
xdNWPy,4,$40-$60
oAVjyx,2,$20-$40
ZdRBYz,1,$60-$80
6dQBOB,1,$40-$60
QABQr7,2,$20-$40
aBrM0v,1,<$20
bl4J62,2,$20-$40
ZdRBRy,More than 4,>$100
DVvGJq,2,$20-$40
42Nb1b,2,$80-$100
qbElY2,1,$40-$60
ZdRBZa,1,$20-$40
OABNzg,3,$80-$100
xdNW0o,2,$60-$80
xdNWPo,Less than 1,<$20
kYRPZR,1,<$20
J2k4D4,4,$40-$60
9dJKo1,2,$20-$40
kYRPpd,3,$60-$80
BGbRD5,2,$80-$100
rlrZlR,Less than 1,<$20
AlbXqk,2,$20-$40
rlrZKN,2,$40-$60
MAdxAA,Less than 1,<$20
AlbXWB,1,$60-$80
MAdxYp,2,$40-$60
oAVjKX,1,$40-$60
rlrZ2M,2,$20-$40
YZzAx6,1,$20-$40
bl4JY2,2,$40-$60
OABNdp,2,$40-$60
oAVjBP,1,<$20
WAp70N,1,$20-$40
LdM20v,1,$40-$60
lNlE46,1,$40-$60
DVvGbX,1,
lNlE0W,1,$60-$80
KMBj08,1,<$20
jB9VJ6,Less than 1,<$20
YZzAVq,3,>$100
jB9Vz9,1,$20-$40
0EjWPy,1,$20-$40
42NbpB,1,$80-$100
42NbGd,1,$20-$40
1r2aNO,2,$40-$60
PABq2b,2,$60-$80
NABZBQ,2,$80-$100
NABZLB,Less than 1,$40-$60
lNlENv,Less than 1,$20-$40
WAp7Pj,1,$60-$80
rlrZqL,2,$80-$100
kYRPxZ,2,$20-$40
24x6JL,2,$20-$40
AlbX9N,Less than 1,<$20
VZ16Zy,1,$60-$80
9dJK44,Less than 1,$20-$40
YZzAzd,3,$20-$40
RzB9gQ,2,$40-$60
XeBbB4,3,$40-$60
24x67A,2,$40-$60
zKQ6G8,1,<$20
qbElE7,3,$40-$60
PABqGd,Less than 1,<$20
qbElN8,1,$40-$60
9dJKWV,3,$80-$100
rlrZgp,1,
ylqa04,2,$20-$40
0EjWZ0,3,$20-$40
lNlEyv,2,$40-$60
g5Nok1,2,$60-$80
1r2a6L,2,$20-$40
g5NoNd,Less than 1,<$20
LdM2qy,2,$20-$40
DVvGYX,2,$60-$80
zKQ6OZ,2,
bl4JE6,2,$40-$60
xdNWLd,1,$20-$40
zKQ6gZ,Less than 1,<$20
QABQkk,1,<$20
OABNL7,1,$40-$60
24x6ge,2,$20-$40
NABZyp,2,$20-$40
jB9Vk6,Less than 1,<$20
VZ16y6,2,$20-$40
pLP24V,1,$20-$40
6dQBM5,1,$40-$60
24x6lA,2,$20-$40
rlrZQo,1,$60-$80
42NbNO,2,$60-$80
jB9VY1,1,<$20
RzB9kP,Less than 1,<$20
24x67b,2,$60-$80
YZzAZJ,1,$60-$80
zKQ6Za,3,<$20
g5NogM,3,$40-$60
VZ16MJ,2,<$20
pLP2Pb,1,$20-$40
LdM2NJ,2,$20-$40
bl4JOL,1,$40-$60
bl4Jy7,2,$40-$60
NABZv0,3,$80-$100
42NbLk,Less than 1,<$20
9dJKvp,2,$60-$80
6dQB4o,1,$60-$80
kYRPO6,4,$20-$40
ZdRBy5,2,$20-$40
oAVj01,1,$20-$40
AlbX8D,2,$20-$40
VZ16Mv,Less than 1,<$20
pLP261,3,$40-$60
vNx9Vg,2,$60-$80
vNx9K8,2,$40-$60
qbElBG,1,$20-$40
7d9kj6,1,$20-$40
KMBjkK,3,$60-$80
vNx9z8,2,
zKQ6Ja,1,$20-$40
AlbXOy,Less than 1,<$20
PABqr0,2,$40-$60
dY2yXr,1,$60-$80
jB9VrQ,Less than 1,<$20
GrBPq2,Less than 1,<$20
7d9k52,1,$40-$60
0EjW5A,2,$20-$40
KMBjGK,2,$20-$40
vNx9gX,2,$80-$100
bl4J4o,2,$20-$40
24x6Rb,1,$20-$40
dY2ygD,2,$60-$80
ylqar8,2,$60-$80
DVvG9l,Less than 1,$20-$40
RzB92v,1,$80-$100
jB9V7x,2,$40-$60
EPbO6L,2,$20-$40
jB9VB4,2,$60-$80
xdNWv9,4,$60-$80
5dqApP,2,$20-$40
LdM2k2,1,$20-$40
vNx9Lv,Less than 1,<$20
zKQ64k,2,$40-$60
5dqAko,3,$40-$60
pLP2zE,1,$40-$60
NABZQp,2,<$20
lNlE5V,1,$20-$40
VZ16Nl,2,$20-$40
0EjWyA,2,$40-$60
EPbOel,3,$40-$60
OABNKa,1,$60-$80
8dplAA,1,$20-$40
oAVjpN,1,$40-$60
1r2agg,2,$40-$60
EPbOgA,2,$60-$80
lNlEZX,1,$20-$40
5dqAgN,1,$40-$60
RzB9z9,1,$20-$40
5dqADQ,2,$80-$100
24x6ze,3,$20-$40
jB9V21,2,$20-$40
0EjWGP,1,$20-$40
aBrMxB,2,$60-$80
KMBjAg,1,$20-$40
AlbXGl,3,$40-$60
9dJKR1,2,$40-$60
LdM2E1,2,>$100
6dQBzA,2,$20-$40
dY2yKz,2,$20-$40
MAdxdX,1,$20-$40
6dQByN,1,$40-$60
dY2y1V,1,$40-$60
42NbAb,4,$20-$40
rlrZlN,1,$20-$40
VZ16xN,1,<$20
OABNdK,2,$40-$60
VZ16oa,4,$60-$80
zKQ6zR,1,$20-$40
NABZJQ,2,$20-$40
lNlE8N,,
PABqqe,,
ylqa8X,2,<$20
KMBj2X,2,$20-$40
KMBjbA,2,
kYRP2R,1,
jB9VRa,1,$20-$40
aBrMLB,1,<$20
YZzAAJ,4,$40-$60
VZ16Ra,,
DVvGGZ,1,
GrBPVL,1,
9dJK05,2,$20-$40
24x6G9,1,>$100
rlrZQ2,Less than 1,<$20
YZzA1B,2,$80-$100
xdNW7d,1,$40-$60
ylqaBg,Less than 1,$20-$40
jB9V84,1,$60-$80
vNx95D,2,$40-$60
LdM22p,2,$20-$40
NABZ2j,Less than 1,<$20
RzB9yj,2,$80-$100
qbElqg,2,$40-$60
GrBPPk,1,<$20
DVvGQq,2,
EPbOpX,2,$40-$60
6dQBgk,1,$20-$40
VZ16Wy,Less than 1,$20-$40
GrBP8o,1,$20-$40
MAdxWM,2,$20-$40
J2k4Po,2,$20-$40
GrBP2o,Less than 1,<$20
1r2a1W,2,$60-$80
AlbXXz,1,$40-$60
lNlExk,4,$40-$60
EPbRko,2,
g5NoBl,1,>$100
LdM2A1,2,>$100
24x6QL,1,$20-$40
bl4pZ2,1,$20-$40
oAVj4V,1,$60-$80
QABQ6p,2,$20-$40
XeBbbY,3,$40-$60
KMBjKV,3,
24x62j,1,<$20
oAVjrV,1,<$20
aBrMWv,2,$40-$60
9dJK8Q,1,$20-$40
rlrZZR,1,
pLP2pB,4,$20-$40
24x6qV,Less than 1,$80-$100
EPbRKq,1,$40-$60
KMBEYM,1,$20-$40
qbElrG,4,$40-$60
1r2aol,1,$20-$40
RzB9XJ,2,$40-$60
rlrZ8R,1,$20-$40
5dq7BM,2,$20-$40
5dq7KM,2,$20-$40
oAVP61,Less than 1,<$20
1r2ajQ,2,$40-$60
5dq7bP,2,$20-$40
DVv8kp,2,
BGbRPN,1,$40-$60
YZzABW,2,$40-$60
zKQ6pq,1,<$20
zKQ9E8,1,$40-$60
vNxZPX,2,$20-$40
EPbRzo,2,$40-$60
9dJkGG,2,$40-$60
dY2yyK,2,>$100
42N6r5,1,$20-$40
eBxXOl,1,$20-$40
7d9krR,1,$20-$40
PABxD0,1,$20-$40
24x6qp,1,$20-$40
ZdR7OA,1,$20-$40
pLPEBP,2,$40-$60
YZzA85,2,>$100
AlbgPB,1,$20-$40
GrBPEL,2,$20-$40
OABNO7,1,$20-$40
dY2M0N,2,$20-$40
oAVP25,2,$20-$40
VZ1eGE,Less than 1,
jB9RlY,1,$20-$40
6dQBXB,2,$40-$60
rlrZzv,1,
J2kPqY,2,$20-$40
EPbOGB,1,$20-$40
eBxJ5E,,
ylqQJ6,1,$40-$60
QABZ2g,1,$20-$40
EPbRPl,Less than 1,
bl4JPg,1,$20-$40
vNxZGA,2,$60-$80
YZz6ZN,1,$40-$60
0Ej9d0,1,$40-$60
AlbgBo,1,$40-$60
0Ej9BQ,2,$40-$60
1r2eXO,2,$20-$40
VZ16WM,2,$60-$80
vNx9oQ,2,$40-$60
GrBGvj,1,<$20
g5Nl9M,2,$20-$40
qbEl89,2,$60-$80
9dJkdE,1,<$20
VZ162v,2,$20-$40
bl4pVe,2,<$20
lNlG7v,2,$20-$40
aBrM8q,1,$80-$100
RzBNoP,1,$40-$60
EPbRQ2,2,$60-$80
ZdR7dV,1,
8dpBdl,3,
xdNqrJ,4,$80-$100
GrBGlQ,1,$40-$60
ZdRB40,2,>$100
7d9AW2,2,$40-$60
PABqMQ,3,$40-$60
jB9RGa,Less than 1,
0Ej9V0,3,$80-$100
g5Nl5P,2,$60-$80
Albgdl,2,$20-$40
42N6Ak,3,
zKQ9ME,1,$80-$100
DVv85N,2,$60-$80
VZ1e8M,1,$20-$40
aBrLEb,2,$40-$60
24x6Wj,2,$20-$40
pLPEL1,3,$20-$40
qbErYG,4,$60-$80
6dQlWP,3,$60-$80
OAB2Aa,2,$40-$60
OAB2b7,2,$60-$80
vNxZMd,2,$40-$60
eBxXVe,2,$80-$100
DVvG6Z,Less than 1,$60-$80
QABQqX,Less than 1,<$20
ZdR7Dy,2,
GrBGXp,2,$20-$40
rlr4PX,1,$20-$40
LdMr0l,2,$40-$60
eBxJ00,2,<$20
zKQ90R,2,$40-$60
J2kPVo,2,$20-$40
42N6jr,3,$20-$40
qbErd5,1,$20-$40
8dpBAO,2,$20-$40
DVv81l,1,$20-$40
PABxBV,1,$40-$60
5dq7jb,1,$20-$40
1r2ePM,1,$40-$60
1r2e7b,2,$20-$40
ZdR71z,1,$20-$40
LdMrWJ,2,$20-$40
6dQlOJ,1,$20-$40
KMBEyk,3,$60-$80
bl4pNL,1,$20-$40
xdNq0r,3,
eBxJYO,4,
VZ162J,2,<$20
rlr4p5,3,$60-$80
6dQl1k,1,$60-$80
aBrLk9,1,
jB9R0a,1,$20-$40
5dq786,1,$40-$60
zKQ92a,2,
42N6zO,2,$60-$80
1r2erg,1,$40-$60
LdMrq2,2,$40-$60
MAd4VX,1,$20-$40
42N69k,1,$20-$40
PABxYe,3,$60-$80
GrBGy2,3,$60-$80
EPbRb4,2,$40-$60
ZdR7ya,1,$40-$60
bl4Jbo,1,$20-$40
lNlG96,1,$20-$40
ZdR7ga,1,$40-$60
xdNWOy,2,$40-$60
42N6Ro,2,$40-$60
zKQ9BZ,1,$20-$40
5dq7GE,2,$40-$60
g5NlDN,2,$40-$60
42N6Do,2,$20-$40
WApWXL,3,$20-$40
AlbgaB,2,$40-$60
xdNqlo,3,$20-$40
KMBE2z,2,$60-$80
5dq7xv,2,$40-$60
QABZZY,1,$40-$60
MAdx0p,2,$40-$60
WApWgP,2,$40-$60
eBxJ8J,1,$40-$60
42N6Ob,1,$20-$40
WApWkQ,2,<$20
KMBEEg,1,$20-$40
6dQldA,Less than 1,<$20
rlr40N,2,$40-$60
DVv8QN,1,
WApW6L,2,$40-$60
g5NlBD,2,$60-$80
QABZOp,1,$40-$60
KMBEgk,2,$20-$40
VZ1eAl,1,<$20
YZz62W,1,$20-$40
OAB2Yg,2,
8dpBBl,1,$60-$80
VZ1e6j,Less than 1,$20-$40
WApWWe,1,$80-$100
rlr4e2,1,$20-$40
6dQlqY,1,$40-$60
8dpB2A,1,$40-$60
NABj2p,2,$20-$40
oAVPaM,2,$60-$80
DVv89p,2,$40-$60
jB9RLJ,2,$20-$40
rlrZXl,2,$20-$40
XeBbpg,2,$20-$40
ZdR7e0,2,$40-$60
WApWQJ,2,$20-$40
XeBaWz,1,$20-$40
xdNqzG,2,$20-$40
WApWxv,2,$40-$60
AlbgoD,2,$20-$40
dY2MBK,1,$20-$40
aBrROv,3,
jB9jDa,1,$40-$60
jB9RO4,1,$40-$60
EPbRj4,Less than 1,<$20
8dpX1O,3,$40-$60
OAB6l8,2,$20-$40
J2kPNR,2,$40-$60
ylqBN4,2,$40-$60
LdMrQp,1,$20-$40
42N6WX,2,$20-$40
RzBAWd,1,$80-$100
oAVq21,1,$20-$40
BGbyPK,2,$20-$40
OAB648,2,$60-$80
KMB9Q8,2,$40-$60
rlr4zR,2,$40-$60
5dq7WE,2,<$20
eBxV50,2,<$20
vNxlyd,2,$60-$80
LdMePG,2,$20-$40
EPbRyr,2,<$20
vNxZ70,2,$20-$40
9dJ8D1,1,$20-$40
WApLzP,2,$20-$40
NABaJp,2,
9dJ8Np,Less than 1,<$20
AlbEzk,1,$40-$60
MAdWKM,1,$20-$40
EPb2PL,4,$60-$80
xdNAp9,2,$40-$60
5dqJKo,Less than 1,$20-$40
rlrejl,1,$40-$60
7d9yRP,1,$20-$40
rlre6L,2,$20-$40
DVvjzj,1,$40-$60
dY2Oqo,2,$40-$60
AlbE6y,Less than 1,$20-$40
pLPQP1,1,
J2kQlJ,1,$20-$40
EPb20A,1,$40-$60
BGbrD1,1,$80-$100
RzBABK,Less than 1,<$20
oAVqB5,2,$40-$60
ylqB9p,1,
xdNAQE,1,>$100
1r2LM4,1,$20-$40
rlredX,2,$20-$40
vNxlql,2,$40-$60
XeBplg,1,$20-$40
EPb2do,1,$40-$60
24xW0D,2,$20-$40
oAVqvP,1,$20-$40
J2kQMR,1,$20-$40
lNlxDk,2,$20-$40
ylqBx6,1,$20-$40
GrBZqL,1,$40-$60
lNlxzk,2,<$20
ZdRMve,1,$20-$40
jB9jga,1,$40-$60
aBrRzB,1,<$20
oAVq0b,1,$40-$60
XeBpQg,1,$20-$40
pLPQ48,2,$80-$100
8dpXyx,2,
oAVqaV,1,
6dQgAY,4,$80-$100
xdNAoy,2,<$20
ylqBoX,Less than 1,<$20
eBxV8q,1,$40-$60
oAVqa1,Less than 1,<$20
24xpyV,3,$80-$100
0EjKGN,1,$60-$80
1r2LyW,4,$80-$100
NABavG,2,$40-$60
oAVq6P,1,
YZz1bq,1,$40-$60
EPb2gX,1,$80-$100
PAB78B,3,$60-$80
8dpX8r,1,$20-$40
WApLda,Less than 1,$40-$60
0EjKy6,2,$20-$40
YZz1A0,Less than 1,<$20
g5NEKJ,,
xdNA59,1,$20-$40
dY2Ooz,2,$40-$60
NABaRj,2,$40-$60
QABbZl,2,$20-$40
5dqJoM,3,$80-$100
rlreXp,2,$20-$40
8dpXYA,Less than 1,$20-$40
KMB9AM,2,$40-$60
WApLLL,3,$20-$40
AlbEVy,2,$40-$60
vNxl7g,1,>$100
GrBZNe,2,$60-$80
YZz18v,1,$20-$40
AlbkLk,,
7d9yy6,3,$20-$40
ylqB1g,1,$40-$60
PAB7M1,2,<$20
zKQVxM,1,$60-$80
lNlx8p,2,$40-$60
5dqNjo,1,$60-$80
GrBMKZ,1,
jB9j11,3,$40-$60
5dqJYM,3,$80-$100
kYR2Dr,Less than 1,<$20
zKQV7a,2,>$100
8dp9Nz,Less than 1,$60-$80
vNxlRX,4,$60-$80
9dJe7p,3,$80-$100
VZ1Kkj,2,$20-$40
WAp48j,3,$40-$60
MAdWMA,More than 4,$80-$100
xdNGXv,2,$20-$40
PABo6b,2,$20-$40
OAB6OM,2,$40-$60
6dQqO5,,
kYR2Ld,1,$40-$60
0Ej4MZ,1,$40-$60
BGbvpQ,3,$20-$40
8dp9L5,4,$60-$80
8dp9po,2,
EPbpKr,2,$40-$60
MAd0AX,More than 4,$80-$100
DVvLzq,3,$80-$100
XeBjEd,2,$40-$60
OABRPK,3,$40-$60
qbEyL9,Less than 1,<$20
AlbkDW,3,$80-$100
bl4axo,1,$20-$40
DVvLV5,1,>$100
8dp9jk,Less than 1,<$20
24x2LA,2,$40-$60
GrBM1j,2,$40-$60
1r2L1g,1,$40-$60
9dJelG,More than 4,$60-$80
xdNG0E,2,$40-$60
24x2vA,2,$40-$60
LdM8M2,3,$40-$60
MAd0Ml,1,
jB9KW6,4,$20-$40
NABz8N,3,$20-$40
bl4aL2,1,$20-$40
J2ky8z,3,$40-$60
ZdRxV0,1,$20-$40
PABo0Q,3,$40-$60
g5NBYM,1,
0Ej4lB,2,$20-$40
QABGxl,More than 4,$60-$80
24x2DM,2,$40-$60
MAd0qA,1,$20-$40
ZdRxgB,2,$60-$80
lNlp2B,1,>$100
42NZeo,2,
RzBOa9,Less than 1,<$20
GrBMjZ,2,$40-$60
YZz2Ad,2,$60-$80
dY274o,1,$20-$40
PABoP1,1,<$20
GrBMEp,2,$40-$60
24x2qb,3,
NABz2Q,3,$80-$100
g5NB6d,2,<$20
aBrWJv,3,$40-$60
42NZA5,2,>$100
RzBOyJ,2,$80-$100
lNlp8B,2,$20-$40
EPbp2o,1,$20-$40
VZ1rGy,Less than 1,<$20
kYRqad,3,$20-$40
0Ej4X0,2,<$20
eBxbko,2,$40-$60
lNlQrN,2,
bl4P96,1,$80-$100
MAd0WY,2,$40-$60
9dJe8G,Less than 1,<$20
vNxkjX,Less than 1,<$20
VZ1rXg,Less than 1,<$20
zKQVV8,2,$60-$80
QABGgl,More than 4,$60-$80
EPb9ll,1,<$20
24x26V,2,$40-$60
AlbZBe,1,$40-$60
ylqLXd,1,$20-$40
qbEyyd,1,$60-$80
KMBbM8,1,<$20
9dJVXE,2,$40-$60
zKQl7M,1,$20-$40
pLParP,2,$40-$60
VZ1g0g,1,$40-$60
GrBW9e,2,$20-$40
aBrWpq,3,$40-$60
8dpOeO,4,
5dqRxZ,1,$20-$40
jB9Ne1,2,$20-$40
KMBbo8,2,$60-$80
DVvQKl,1,<$20
dY2rYo,1,$60-$80
24x2Jb,4,$40-$60
KMBbkK,Less than 1,
ylqL9x,2,<$20
BGbNGQ,1,$60-$80
g5N2AO,1,$20-$40
eBx4zJ,1,$20-$40
eBx4lx,2,
VZ1gxN,3,$40-$60
EPb9Y2,Less than 1,$20-$40
XeBX9e,2,$20-$40
oAVWQN,More than 4,$60-$80
6dQoVo,2,$80-$100
vNxkK8,2,
NABzGb,1,$40-$60
EPb9El,2,>$100
pLPgv1,Less than 1,$20-$40
24x2lM,1,$20-$40
OABRKR,2,$60-$80
24xpWb,1,$20-$40
lNlxeW,3,$20-$40
OAB6ER,1,<$20
DVvQbX,2,$20-$40
jB9jR9,2,$40-$60
KMBbAX,2,$40-$60
rlr7bo,2,$40-$60
RzBppJ,3,
J2k7jK,Less than 1,<$20
ZdR0bB,1,<$20
bl4P1Z,Less than 1,$20-$40
bl4Pag,2,$20-$40
1r28gg,4,$80-$100
BGbNr5,3,<$20
42NeXb,4,
GrBWAZ,2,$40-$60
xdNKWr,1,$20-$40
9dJVkQ,2,$40-$60
OABvZY,1,$20-$40
42NeJo,4,$40-$60
ylqV46,1,$20-$40
pLP8oy,2,$20-$40
5dqW9v,1,$20-$40
NABG0O,2,
ylqVl8,1,$40-$60
0EjNE9,1,$60-$80
kYRMEZ,2,$40-$60
8dp7Zk,Less than 1,$20-$40
WApxEL,1,$20-$40
EPbyLB,2,$20-$40
GrB8Qo,2,
xdNOZv,2,$40-$60
24x02L,2,$40-$60
WApxeN,1,$20-$40
J2k5Vo,2,$20-$40
VZ129g,1,$40-$60
NABGBl,1,$40-$60
VZ12oJ,2,$40-$60
J2k5Md,2,$20-$40
EPbyvX,1,$20-$40
VZ12yl,2,
oAVXgX,3,$40-$60
qbE0ek,1,$20-$40
g5NKXM,1,$20-$40
EPbyOl,,
24xQRp,1,<$20
dY2BOd,1,
PABVoe,Less than 1,
xdNO19,Less than 1,$20-$40
zKQPLq,2,
vNxoVX,Less than 1,<$20
24xQGe,1,$20-$40
eBxkrJ,2,$40-$60
rlrzbp,1,$40-$60
xdNOWd,1,$40-$60
qbE09g,1,$20-$40
VZ12rM,3,$40-$60
pLPlyV,,
GrB8jz,2,$20-$40
pLPlbq,2,$20-$40
24xM8L,3,$20-$40
QABP67,2,$80-$100
6dQaoJ,2,$40-$60
PABVZx,2,$40-$60
RzB7Pp,2,
QAB6Mg,1,
OABWXK,2,$20-$40
ylqWYp,2,$20-$40
VZ1kGv,2,$20-$40
bl40qo,Less than 1,<$20
NABelG,1,$20-$40
5dqy9M,2,$40-$60
kYRVEJ,1,$60-$80
Alb1GN,2,<$20
rlrxo5,2,$20-$40
OABW5A,1,$20-$40
zKQPpR,2,$40-$60
WApvYR,Less than 1,$20-$40
xdNOlo,1,<$20
NABe7W,2,$40-$60
aBr8zB,2,$40-$60
MAd98k,2,$40-$60
xdNel5,3,$60-$80
xdNe6r,Less than 1,<$20
42NgdO,2,$40-$60
5dqyVo,2,$20-$40
QAB6JY,1,$40-$60
DVvl9b,Less than 1,
DVvlbq,1,<$20
qbE2M2,1,$40-$60
5dqyoM,Less than 1,<$20
24xMzp,2,$80-$100
42NgEk,1,
XeBKAd,2,
RzB7Qp,Less than 1,$20-$40
GrB2GQ,2,$20-$40
MAd9WE,1,$20-$40
oAV4YX,2,$40-$60
g5NRxN,1,$60-$80
42NgM5,2,$20-$40
lNlPqW,1,$20-$40
aBr8JE,1,$60-$80
42Ne8r,1,$20-$40
LdMQxO,2,$20-$40
XeBK0d,1,$20-$40
8dp00l,2,
ZdRpqV,3,$40-$60
24xM5V,2,$20-$40
24xqAj,3,
OABWqp,2,
9dJzzE,1,$40-$60
7d9809,1,
dY258K,4,$40-$60
YZzEjJ,3,$20-$40
PABMpV,More than 4,$20-$40
xdNkX5,Less than 1,$20-$40
LdMA7v,1,$20-$40
1r2Zb4,,
XeBKZP,2,$60-$80
jB9dPx,2,$60-$80
42NWaY,2,$40-$60
KMBq7X,1,$40-$60
oAVry1,1,>$100
QABgJk,2,$40-$60
DVvl6p,2,$20-$40
8dpveY,2,$40-$60
DVvrvp,2,$60-$80
ylqKZX,1,$20-$40
EPbjYr,Less than 1,
VZ1RYl,2,$40-$60
rlrNpR,1,$40-$60
vNx710,Less than 1,$40-$60
DVvrMl,3,$80-$100
bl4B20,2,$60-$80
WApGZk,2,$20-$40
7d9BgZ,4,$20-$40
PABaYx,3,$40-$60
GrBNyk,2,$80-$100
vNx7pD,1,>$100
24xqzL,More than 4,>$100
XeBVpd,,
J2kayY,1,
jB9O5J,2,$40-$60
aBrbpq,2,<$20
XeBVZV,3,
rlrx85,1,$20-$40
eBxdOE,2,$20-$40
BGbO2e,1,$20-$40
NABKaW,2,$40-$60
g5NyOD,2,$40-$60
ylqKLW,2,$60-$80
ylqK54,2,$40-$60
ZdR4pA,2,$80-$100
jB9dOY,1,$20-$40
1r2ZLO,1,$80-$100
qbYZaO,2,$60-$80
AlboEW,2,$20-$40
BGL4dR,1,$40-$60
jB0DlJ,1,$20-$40
eBNZDx,Less than 1,<$20
J2VKAR,2,$20-$40
jB0DQ4,Less than 1,<$20
0Ebr79,2,$40-$60
qbYZR9,1,$40-$60
yl0ZDB,3,$20-$40
xd0xPo,1,$60-$80
XeRlWY,1,$40-$60
eBNZA0,2,$20-$40
6d1J4N,,
J2VKgX,,
aBjN4X,1,<$20
VZ9EVv,1,<$20
yl0Zep,2,$40-$60
7dJlza,3,
XeRlQe,2,
WAe90j,Less than 1,
dYZqdK,1,$20-$40
Al6PLz,2,$80-$100
eBNZzJ,1,$20-$40
J2VKGX,2,$20-$40
PABaAP,2,$20-$40
YZoDgv,1,$80-$100
24b8Y9,2,
ZdG5yV,1,$20-$40
RzZK14,2,
LdE14p,Less than 1,
QAx2qG,1,$20-$40
bl2Vy6,2,$40-$60
Grovo2,1,<$20
0Ebry9,1,$20-$40
PA2jNB,2,$20-$40
VZ9Eyj,1,$40-$60
lN0DEk,1,
WAe9GJ,3,$60-$80
eBNZdq,1,$80-$100
pL0xab,2,
BGL4r5,1,$20-$40
KMPQ9A,3,$20-$40
1rbP1M,1,<$20
6d18jo,1,
EPBkqq,3,>$100
MArKXl,1,$40-$60
24bEBg,2,$40-$60
yl0PXW,1,$40-$60
zK0xYg,2,$60-$80
RzZG44,1,$40-$60
42142r,2,$20-$40
BGLzXe,3,$60-$80
MAreLA,2,$60-$80
OAjDGM,1,$40-$60
rl0jGl,3,
jB0aW4,1,$20-$40
xd0Xy5,2,
dYZWjK,2,$40-$60
pLPjdJ,2,$40-$60
EPBkPl,Less than 1,$20-$40
0EbQbN,1,$20-$40
yl0PeB,Less than 1,<$20
Grox5j,,
8dJ1rA,Less than 1,<$20
4214qo,1,$40-$60
aBjQgW,2,$60-$80
aBjQyy,1,$40-$60
jB0ap9,2,$40-$60
7dJRez,1,$40-$60
BGLz71,2,$60-$80
NA4p5W,1,$40-$60
6d18eo,1,
lNlQkv,2,$20-$40
8dJoAY,2,$20-$40
6d18yo,Less than 1,<$20
OAjD6g,2,
dYZWer,1,$20-$40
YZo58J,3,>$100
8dJ175,1,<$20
XeRxKg,1,$80-$100
oA09eX,,
rl0jRp,1,$40-$60
MAr1DY,Less than 1,<$20
rl0DO5,2,$40-$60
bl2Z70,1,<$20
QAxoJY,,
421a7B,1,<$20
vN0XBX,More than 4,$20-$40
yl0XYW,1,$20-$40
NA4q0p,1,$20-$40
7dJXK9,3,$40-$60
WAeJek,2,>$100
Al6rdo,1,$20-$40
rl0DvN,1,
yl0Xdg,2,$40-$60
KMPpk8,Less than 1,<$20
rl0DJN,Less than 1,<$20
6d1DWJ,Less than 1,<$20
zK0EJk,1,<$20
8dJNGr,2,>$100
XeR5zg,1,$20-$40
bl25aZ,2,$40-$60
VZ9pXE,,
DVXqPb,3,
xd0Vgo,3,$60-$80
9d6NaY,3,$20-$40
g5QbLJ,2,$20-$40
OAjQg8,1,$20-$40
PA2RWQ,1,$40-$60
PA2RLd,2,<$20
qbY58k,2,$60-$80
J2V17r,4,
LdEDeJ,1,$40-$60
g5QbEJ,2,$40-$60
xd0VLG,2,$20-$40
RzZWAQ,1,$80-$100
kY0bMr,2,$20-$40
YZojoW,3,$20-$40
6d1L8J,1,
0EbV9P,2,$20-$40
oA09Xb,1,$40-$60
MArXNp,2,
bl2ZB1,3,$80-$100
jB0ZZa,2,$20-$40
dYZENo,2,$40-$60
7dJqKP,1,
aBj94v,2,$20-$40
pL0ryq,1,$40-$60
qbYLA2,1,$40-$60
24bX4p,1,<$20
oA0E9P,2,$40-$60
PA2pOb,1,$40-$60
eBNMEE,3,$60-$80
XeRLLg,2,$20-$40
yl0Mjd,Less than 1,<$20
NA4rNQ,2,
1rbXOl,3,$80-$100
Al6zN0,2,$20-$40
24bXgj,2,$20-$40
EPBK7o,2,
YZoPDW,Less than 1,$20-$40
lN0BYo,2,$40-$60
yl0Mgx,3,$40-$60
dYZEVo,Less than 1,<$20
EPBKpL,2,
jB0Z4E,2,<$20
Al6zgW,1,$60-$80
9d6BKG,Less than 1,<$20
vN0rj4,2,$40-$60
LdEZRv,2,$20-$40
RzZxOP,3,<$20
dYZELD,Less than 1,<$20
oA0D9b,2,$60-$80
DVXKql,2,$40-$60
MArXjX,2,$80-$100
7dJbL0,1,$40-$60
OAjlzR,Less than 1,<$20
0Eb7MN,2,$40-$60
qbYaBY,1,$40-$60
aBjeBv,1,$20-$40
RzZd4d,1,$20-$40
yl0Nx4,2,$20-$40
VZ9j8J,1,$40-$60
XeRrBO,1,<$20
ZdG8b0,4,>$100
XeRrOd,2,$60-$80
6d1eA5,1,<$20
24bBlb,1,
kY09zd,3,$20-$40
9d6XPV,,
6d1epo,2,$80-$100
zK0NRM,2,
bl29y1,1,>$100
lN0qY6,3,$20-$40
RzZd2Q,2,$20-$40
eBND8k,Less than 1,$20-$40
lN0BDN,1,$40-$60
24bXyj,1,$40-$60
RzZdlK,2,$60-$80
YZoR15,2,$40-$60
g5QeBd,Less than 1,<$20
kY09M6,3,$20-$40
XeRJxV,3,$40-$60
EPBddA,2,<$20
kY0eNZ,3,$40-$60
VZ9QGl,2,$40-$60
vN0eAl,3,$80-$100
EPBdQl,2,$20-$40
1rbd4b,2,
DVXkeZ,1,
RzZM8d,1,$20-$40
QAxe0G,1,<$20
RzZMvJ,3,$20-$40
8dJapO,2,$60-$80
dYZaZq,1,$20-$40
pL0y5E,1,$20-$40
8dJa6x,2,$40-$60
7dJLP9,3,>$100
DVXkPX,4,$40-$60
ZdGEWv,Less than 1,<$20
6d1jYN,1,<$20
EPBde2,2,$60-$80
WAeEMN,2,$20-$40
PA21Nx,1,<$20
jB06VJ,2,$20-$40
OAj46g,2,$40-$60
VZ9Qvv,1,
KMP57A,2,$60-$80
oA0RGM,2,
42178d,1,
bl2j0g,Less than 1,<$20
PA29Rb,Less than 1,<$20
KMPxY7,3,$40-$60
9d6ZDK,1,$20-$40
aBj4EZ,4,
zK0M20,1,$20-$40
MAra58,2,$60-$80
jB0ovx,3,>$100
dYZ08o,Less than 1,<$20
PA29Pb,1,$20-$40
xd0Dlr,Less than 1,<$20
J2VlWo,4,$40-$60
dYZ0pA,1,$20-$40
aBj40Z,3,$20-$40
7dJKYz,2,$40-$60
MAraqY,3,$20-$40
WAeRaL,1,$20-$40
XeRoaz,1,$20-$40
VZ9Pya,2,$40-$60
24bAoL,1,$20-$40
6d1KqA,2,$20-$40
EPBlyl,1,
WAeRxk,1,<$20
5dl90b,2,$40-$60
OAjXOY,2,$40-$60
RzZojd,1,$60-$80
24bA0e,2,$40-$60
421KXY,More than 4,<$20
EPBxlN,Less than 1,
oA026x,3,$20-$40
8dJZzO,1,$20-$40
OAj7zK,2,
8dJZN5,More than 4,$20-$40
YZo4r0,,
EPBxxN,2,$20-$40
6d1Zx5,2,$20-$40
lN060X,1,<$20
421K15,3,$40-$60
WAeRVL,3,$20-$40
zK07oa,2,
vN0Pp0,Less than 1,
oA02LX,,
7dJN5Z,Less than 1,<$20
VZ9z7v,More than 4,
J2VOgo,2,$60-$80
eBNRqx,2,$40-$60
9d67bK,Less than 1,$40-$60
421r7Y,3,$20-$40
WAezOe,1,$20-$40
YZoajN,Less than 1,<$20
EPBWPX,2,$20-$40
24bX0b,1,$20-$40
LdEPgv,Less than 1,<$20
BGL7D7,2,$40-$60
QAxRll,1,<$20
LdEpLj,1,$20-$40
eBNRJO,3,$20-$40
rl0Pev,3,$20-$40
eBNRVO,1,
6d1NEP,1,$40-$60
pL0OXB,2,$40-$60
VZ95pl,,
rl0ABp,2,$20-$40
oA0MD5,2,$40-$60
421x2Y,1,<$20
PA25pP,1,$40-$60
bl2xOZ,Less than 1,<$20
VZ9Jzy,2,$60-$80
Al6Lvy,1,$20-$40
aBjYvE,2,$20-$40
VZ95xl,2,$40-$60
GrodaO,2,$40-$60
EPBQjN,2,$20-$40
7dJ26P,2,$20-$40
PA26z0,3,$80-$100
PA2690,1,$20-$40
OAj56R,3,$20-$40
jB0yy1,1,<$20
LdEbJl,2,$20-$40
7dJW4R,2,$40-$60
OAjzjg,2,$40-$60
dYZ62d,4,$60-$80
KMP6W8,1,$20-$40
GrozzO,1,<$20
RzZ0Y4,2,$60-$80
8dJQar,2,$40-$60
KMPl5D,2,$20-$40
qbYDVO,3,$60-$80
PA2D2d,3,$40-$60
DVXNMq,,
WAeN6Q,2,$40-$60
8dJKgY,3,$20-$40
DVXNop,1,$20-$40
YZoQK6,2,$40-$60
ZdGNey,3,$20-$40
zK0qVk,2,$20-$40
Al6dOW,2,$20-$40
RzZ01P,3,$20-$40
VZ90e6,Less than 1,<$20
zK0qR8,2,<$20
J2V26Y,1,$20-$40
RzZzMJ,Less than 1,$20-$40
XeReMe,2,$40-$60
bl2lkE,1,$40-$60
Gror7k,1,
oA0AgP,1,$60-$80
RzZzg9,3,$20-$40
QAxAqg,2,$40-$60
Al6lgN,2,$40-$60
RzZ4x4,Less than 1,$20-$40
bl2klo,2,$80-$100
KMPMg8,1,$20-$40
PA2Eq5,1,$20-$40
24brbV,3,$20-$40
vN020Q,2,$60-$80
yl0D7W,1,$20-$40
xd0Z4G,2,$60-$80
pL0VEB,Less than 1,$20-$40
PA2E9V,1,$20-$40
lN0LKk,2,$20-$40
bl2LeE,1,
rl0L9M,Less than 1,
zK0rDa,2,
RzZYXK,2,$40-$60
oA0dW5,Less than 1,<$20
OAjJ0K,2,$20-$40
yl0EqW,1,<$20
dYZDzr,Less than 1,
rl0dJp,2,$20-$40
zK0rl8,Less than 1,<$20
24bxPD,,
QAxB11,4,$20-$40
7dJ9VA,2,$40-$60
kY005o,1,$20-$40
8dJJGz,2,$80-$100
zK00O8,2,$80-$100
6d1rZe,2,$40-$60
1rbD1L,2,
RzZv5d,Less than 1,<$20
rl0J0M,3,
RzZVaP,1,
NA4d6b,,
1rb6OQ,,
PA2krV,2,$60-$80
BGL0v1,1,$60-$80
RzZjd9,2,
PA2rZb,3,
0EbG0A,2,$20-$40
0EblMP,2,
QAxXXp,2,>$100
VZ9yLy,4,$80-$100
dYZVYz,2,$20-$40
421dxO,2,$40-$60
g5QpyD,1,$20-$40
ZdGyJa,1,$20-$40
6d159J,2,<$20
9d6yGX,2,$20-$40
EPBEDN,2,$40-$60
OAj9JK,1,$20-$40
VZ9APy,3,$40-$60
zK02pE,2,$40-$60
pL09rJ,1,$20-$40
vN01zX,2,$40-$60
dYZ1Ly,3,$40-$60
yl0p26,1,$40-$60
xd0LMk,1,$40-$60
0EbyNZ,1,$40-$60
EPBrrA,1,$40-$60
KMPNqA,,
dYZ4Lq,2,$40-$60
aBjPVB,3,$20-$40
PA2LNd,1,
WAeXWR,2,$60-$80
Al6NMo,Less than 1,$20-$40
RzZQG9,3,$40-$60
pL0X88,1,$20-$40
YZoXgd,1,<$20
Al6Ypk,1,$20-$40
xd07Jo,3,$20-$40
bl2XQ0,2,
XeRdOY,2,$20-$40
421Y15,2,$80-$100
yl0pvg,2,$20-$40
kY04pR,2,$60-$80
WAe6Bj,Less than 1,<$20
EPBGrX,2,$20-$40
GroVAj,3,$60-$80
RzZQyl,2,$20-$40
YZob20,2,$20-$40
VZ9aKE,1,$40-$60
4210X5,3,$60-$80
BGLoze,2,$40-$60
kY04Md,2,$40-$60
yl0bW6,2,$20-$40
bl2RdL,1,$60-$80
jB0r8R,1,$60-$80
EPBVKl,2,$80-$100
aBjJeX,2,$60-$80
MArZAp,3,$40-$60
NA4vpQ,,
Al6YG0,1,$20-$40
xd0byG,1,<$20
ZdGkZA,1,<$20
xd0bvk,1,$40-$60
421Yyk,1,$40-$60
vN069v,1,$40-$60
QAx9Ol,2,$40-$60
zK0B5a,1,$20-$40
7dJ0a6,1,$40-$60
bl2RPe,1,$60-$80
LdExxv,2,$20-$40
xd0bKG,1,$20-$40
ZdGb5v,1,$20-$40
aBjpNy,2,$80-$100
7dJ7L2,3,$40-$60
ZdGb8A,3,$40-$60
WAeaYN,2,$40-$60
421lqd,3,$60-$80
KMPrWM,1,$60-$80
NA42jj,2,$20-$40
5dlaPZ,1,<$20
1rbQLl,3,$80-$100
VZ9WWj,2,<$20
J2VE7o,3,$40-$60
pL0prV,Less than 1,<$20
8dJ4kr,3,
8dJbO5,1,$20-$40
BGLWAQ,Less than 1,
MArpbE,4,$20-$40
EPB7JB,2,$20-$40
bl2QVo,2,$20-$40
1rbogO,2,$60-$80
ZdGrXv,1,$20-$40
5dlP0b,3,$40-$60
yl0574,2,$40-$60
7dJYrL,3,<$20
pL0p0B,Less than 1,$40-$60
NA41kO,1,$40-$60
RzZ9Md,2,$80-$100
EPBVEB,2,$20-$40
LdE2P1,2,$20-$40
1rbav4,2,$80-$100
YZoAkW,2,
zK06rZ,2,
qbYlJg,1,$60-$80
24b6lD,3,$60-$80
YZolB0,Less than 1,<$20
WAe71v,1,$20-$40
5dlAod,2,$40-$60
J2V4BR,1,$40-$60
6d1Bx5,1,$40-$60
aBjMgv,1,$20-$40
LdE2B1,More than 4,>$100
GroPMQ,2,$40-$60
8dJlOk,1,$40-$60
421be5,1,
yl0aKd,1,$80-$100
NA4Zep,3,
LdE2AJ,1,$20-$40
ZdG7oB,3,$80-$100
OAj2QY,1,$20-$40
QAxZKY,2,$20-$40
VZ9eEj,2,$20-$40
QAxZoX,1,$20-$40
24bWa9,2,$20-$40
RzZNGK,2,$40-$60
kY0o0j,1,$20-$40
EPBO42,2,$40-$60
LdErgl,4,>$100
NA4j2B,3,
dYZM4K,2,$40-$60
4216Gr,1,$40-$60
OAj2P8,2,$40-$60
g5Ql6l,Less than 1,$20-$40
1rbQAL,2,$20-$40
PA2xLe,1,$20-$40
zK09P8,1,$40-$60
MArW1E,2,$40-$60
J2VQK7,2,$40-$60
KMPEj7,2,$60-$80
421MJ5,3,
zK09M0,2,$40-$60
kY0oQe,2,$20-$40
J2VQqz,Less than 1,<$20
OAj6lM,2,$20-$40
YZo1QW,2,>$100
MArWYp,,
ZdGM2V,2,<$20
pL0QyP,2,$20-$40
ZdGMlo,1,<$20
g5QEA4,3,$20-$40
kY02eZ,2,$40-$60
bl2oOL,2,$60-$80
xd0APy,3,$80-$100
EPB28o,1,<$20
24bpOV,2,>$100
EPB2bN,3,$60-$80
LdEeGp,2,$20-$40
MArWLM,Less than 1,<$20
yl0QNX,1,$40-$60
GroOb2,,
rl0ek5,3,$40-$60
bl2oKe,2,>$100
NA4a8G,Less than 1,<$20
7dJy1L,1,<$20
oA0qlV,2,$40-$60
xd05Ad,2,
pL0EGV,2,$40-$60
PA27Bb,1,$20-$40
RzZNVQ,1,>$100
9d6k64,3,$60-$80
QAxbe1,2,
xd0qov,2,>$100
24bDag,1,$20-$40
aBjRaE,1,$40-$60
rl0eqL,1,$20-$40
PA27P0,1,$60-$80
xd0ABE,2,$40-$60
8dJXEo,2,$40-$60
ZdGML5,2,$60-$80
5dlJgQ,2,$40-$60
LdEejy,Less than 1,$20-$40
EPB2YA,2,$40-$60
6d1gzN,1,$20-$40
KMP9bA,2,$60-$80
J2VQ54,2,$60-$80
lN0x46,2,$20-$40
5dlJ7E,3,$40-$60
BGLrPN,2,$20-$40
8dJ9NA,2,$60-$80
8dJ9Kr,2,
vN0Re8,1,$40-$60
421ZLr,2,
YZo1L5,1,<$20
LdE80y,2,
qbYyOg,2,
zK0VKg,2,$40-$60
rl0XVo,3,$80-$100
PA2o5x,2,$40-$60
qbYyb5,1,$40-$60
5dlNZb,Less than 1,<$20
eBNbAx,2,$40-$60
OAjR0a,2,$40-$60
kY0LOR,Less than 1,
KMPXLX,2,$20-$40
kY0LAr,2,$40-$60
jB0KLJ,2,$20-$40
Al6kbz,2,$40-$60
WAe4Mv,2,>$100
9d6eEV,2,$40-$60
MAr0VX,1,
6d1qWP,2,$40-$60
BGLvAQ,2,$40-$60
eBNbyq,2,
YZo2x5,2,$60-$80
ZdGxvo,1,$40-$60
aBjWKB,1,$60-$80
24b2lj,1,$20-$40
zK0Vo8,,
8dJ9RO,2,$40-$60
WAe4BP,,
MAr0PY,2,$20-$40
lN0pzW,2,$20-$40
NA4zdQ,2,$20-$40
GroMYZ,1,$20-$40
jB0KJx,1,$40-$60
EPBpMN,2,$20-$40
24b2Vp,2,>$100
1rbjEg,2,$40-$60
g5QB6J,,
6d1q4e,1,$20-$40
9d6eg4,2,
jB0Kq9,1,<$20
DVXL6E,2,
dYZ7yV,,
zK0VO1,3,$40-$60
g5QBpN,3,$40-$60
9d6ey1,1,$80-$100
RzZOqv,3,
vN0R6X,2,$40-$60
oA0JJb,1,
EPBpo2,2,$40-$60
bl2aG2,1,$40-$60
QAxGkp,1,$20-$40
VZ9rRg,,
ZdGxB5,1,$40-$60
xd0G5k,4,$20-$40
J2Vy5K,2,
J2VyvX,1,$40-$60
7dJQ9R,2,$60-$80
0EbXQy,2,
7dJQOz,2,$40-$60
8dJ9Xl,2,$40-$60
rl0XKo,1,$20-$40
WAe4vv,3,
OAjRqk,2,<$20
g5QBoJ,1,>$100
zK0lMq,1,
RzZO7j,2,$40-$60
NA4kXG,2,
8dJ9vP,1,$40-$60
GroW6p,3,$40-$60
YZo2Av,2,$20-$40
1rbjQ4,1,$20-$40
421Z6r,1,<$20
PA2oG5,2,$40-$60
OAjv1R,2,$20-$40
lN0Q65,2,$20-$40
DVXQzb,2,$60-$80
DVXLgN,1,>$100
Al6kVz,2,$60-$80
EPB9LA,1,$20-$40
rl07A5,1,$20-$40
5dlRvv,2,$80-$100
5dlRb6,3,$40-$60
aBjWWX,2,$60-$80
RzZp4P,1,$20-$40
PA2KBx,1,$20-$40
DVXQyq,2,
xd0KBy,2,
rl07PM,1,$60-$80
rl07dX,1,$40-$60
5dlRpZ,2,$60-$80
5dlReZ,1,$80-$100
xd0G4r,2,$20-$40
9d6VR5,Less than 1,<$20
eBN46E,1,$20-$40
pL0a41,1,$20-$40
rl07vR,3,$20-$40
PA2K5d,1,$60-$80
LdElkp,3,$40-$60
xd0KYG,2,$40-$60
zK0lA1,1,$40-$60
VZ9gJa,2,$60-$80
pL0a6b,1,$40-$60
DVXQWR,More than 4,$40-$60
LdEljG,2,$40-$60
xd0KbG,Less than 1,$20-$40
DVXQrl,1,
vN0ojg,1,
9d6Vk4,1,$20-$40
pL0apZ,1,$40-$60
rl077p,Less than 1,<$20
WAeyxR,1,$40-$60
BGLM4e,2,
GroWMQ,2,$20-$40
aBjVYE,1,$20-$40
KMPbbz,2,$20-$40
dYZr5V,4,$60-$80
421e7X,2,
yl0L7g,2,$80-$100
1rbq9p,1,
eBNkMk,Less than 1,$20-$40
YZo82z,3,$60-$80
YZoN0J,2,<$20
0EbX29,3,$20-$40
24bQXD,1,$40-$60
bl2bV6,1,$80-$100
7dJ62P,2,$40-$60
RzZE4J,1,
DVXgkZ,2,$40-$60
PA2VO5,4,$40-$60
24bQeL,1,<$20
YZo8eB,2,$40-$60
6d1adB,3,$40-$60
J2V52d,1,<$20
XeRXyj,2,$60-$80
421eNB,1,$20-$40
VZ92Pg,2,$60-$80
yl0Vvp,2,$20-$40
J2V5bo,Less than 1,
QAxPXX,1,<$20
dYZBzr,1,<$20
aBj7lZ,1,$20-$40
dYZBeq,2,$40-$60
PA2VP1,2,>$100
qbY0XG,1,$40-$60
7dJ6OZ,Less than 1,<$20
rl0zbN,2,$80-$100
jB01jR,2,
8dJ7Bx,2,$20-$40
bl2bP2,1,$40-$60
zK0PpE,,
YZoL0N,2,
xd0erk,2,
WAev9L,1,$40-$60
OAjWlM,2,$80-$100
yl0W28,2,
421gB5,3,$20-$40
XeRKeY,1,
6d1XeN,1,
NA4epN,4,$20-$40
jB0OZ1,3,$80-$100
RzZ70j,2,$20-$40
dYZ5bD,1,$40-$60
LdERNp,3,$20-$40
aBj8rq,2,
vN0QGX,2,$80-$100
PA2VKd,1,$40-$60
421g1O,2,
VZ9k9a,2,$40-$60
6d1XRP,2,>$100
ZdGpev,More than 4,$40-$60
g5QRJ1,Less than 1,$60-$80
0EbpD0,2,$80-$100
421ga5,4,<$20
0EbpkQ,2,>$100
EPB4JX,2,$40-$60
KMPqxg,1,$20-$40
VZ92pM,3,>$100
QAx6zA,2,$40-$60
ZdGpJo,1,$20-$40
24bMRg,1,$20-$40
EPB4Pr,2,$60-$80
yl0Wkd,Less than 1,$20-$40
dYZ5VV,2,$40-$60
7dJ852,2,$40-$60
VZ9ky6,3,$80-$100
zK0a8M,2,
0EbpWj,3,$60-$80
yl0W8X,2,$40-$60
PA2aJe,1,$60-$80
5dly0Z,Less than 1,<$20
VZ9kRv,Less than 1,<$20
ZdGpqy,2,$60-$80
rl0zKv,2,$20-$40
24bM69,1,$20-$40
24bMXM,2,$40-$60
ZdGpAe,1,
24bMBM,3,$20-$40
24bMKD,Less than 1,<$20
eBNdrx,2,>$100
5dlyld,1,$40-$60
6d1XAe,2,
rl0XqM,3,$60-$80
Al6V2y,2,$20-$40
0EbpQP,4,$80-$100
ZdG06a,2,$40-$60
EPB2aL,2,$20-$40
bl2BVe,2,$20-$40
XeRVlO,2,<$20
OAjpDK,1,$20-$40
KMP7lD,Less than 1,
RzZXGp,1,$20-$40
dYZLxV,2,$60-$80
NA4KXN,1,$40-$60
5dl6vZ,3,
kY0DK1,2,
LdEAbJ,2,$40-$60
jB0dQ1,2,$60-$80
24bqre,1,
LdEAEv,1,$60-$80
jB0d5a,3,
EPBjLB,Less than 1,$40-$60
xd0kZv,2,$80-$100
421WvY,1,$20-$40
J2VaJR,2,$40-$60
xd0kly,2,$20-$40
aBjb9E,3,$40-$60
24bqRp,1,>$100
RzZXbd,1,$20-$40
dYZLJV,1,$40-$60
ZdG4ya,1,<$20
RzZX9K,2,$40-$60
24bqlL,4,<$20
BGLOW1,1,$20-$40
421W6r,1,$20-$40
OA81Q7,2,
kY0D2o,1,$20-$40
qbYx9g,1,$20-$40
WAl9Oj,1,
XeOlxj,1,$20-$40
pL0jMZ,2,$20-$40
Rz8KDl,1,$20-$40
AlWPBB,2,$20-$40
blNVVL,3,$40-$60
xd9xaJ,2,$20-$40
5dEKdb,1,$20-$40
MA8KaY,2,$40-$60
WAeGGN,1,$40-$60
9d2GlK,Less than 1,$20-$40
24O8PA,3,$40-$60
zKWXbR,4,
jBGDW1,3,$20-$40
VZoE4y,3,$20-$40
XeRVRg,Less than 1,<$20
yleZ08,1,$20-$40
VZoEby,3,$60-$80
g5WjNP,Less than 1,<$20
Rz8KZK,1,$20-$40
Ld51Vj,2,$40-$60
QA82OG,1,$20-$40
vNqjz0,2,$20-$40
vNqj6d,1,
J28KbJ,2,$20-$40
kYOaKo,2,$80-$100
blNVJE,2,$40-$60
1rGP7O,Less than 1,$40-$60
OA81vM,2,$40-$60
OA81RM,2,$40-$60
YZVD76,2,$40-$60
OA81MA,2,$40-$60
PA8jVx,Less than 1,$20-$40
zKWXB8,1,
MA8K0E,1,<$20
qbjZNG,2,$40-$60
42PXe5,2,$40-$60
8djo9k,1,$40-$60
xd9x9d,1,$20-$40
zKWXVZ,1,$20-$40
6dr82B,,$40-$60
OA8Dag,Less than 1,<$20
5dEBbE,3,<$20
QA8KBk,1,
oAlbEx,2,
42PXVo,1,<$20
eB9qre,2,$40-$60
eB9qxo,,
dYQWYA,2,$60-$80
g5WD9l,2,>$100
Ld51Zj,1,$40-$60
NA8pBb,1,
42P41o,1,$20-$40
AlW7Qe,3,
OA8DVY,2,
PA8dEQ,2,$80-$100
VZoLb6,Less than 1,<$20
aBZQA2,2,$40-$60
OA8Dka,2,<$20
g5WDkJ,1,<$20
oAlb5N,2,$40-$60
8dj16r,1,$40-$60
QA8KkY,1,$40-$60
rl2jYo,1,<$20
EP8kYr,2,$20-$40
ylePpg,2,$20-$40
GrYx7e,,<$20
8dj1jk,2,$20-$40
6dr8pN,1,$40-$60
PA8dLV,2,$40-$60
DV04PZ,Less than 1,<$20
9d2qaV,1,<$20
PA8jy5,2,$20-$40
XeOxkY,1,$40-$60
AlW7kW,3,$60-$80
g5WDB1,2,$40-$60
VZoLrE,1,$80-$100
QA8Kgl,1,$40-$60
YZVjaW,2,$40-$60
24OEMb,Less than 1,<$20
Rz8GXv,Less than 1,<$20
vNqjL4,1,$20-$40
zKWxaE,1,$40-$60
aBZQ8y,Less than 1,<$20
NA8q7O,1,$80-$100
eB955Q,3,$20-$40
dYQb6K,1,$40-$60
aBZNLW,2,$80-$100
jBGe9E,2,$80-$100
rl2y5l,Less than 1,$20-$40
KM8plV,1,$20-$40
ZdP9R0,1,<$20
rl2DLl,Less than 1,$20-$40
aBZOZ9,2,$20-$40
pL4eJZ,1,$60-$80
42Pazo,2,<$20
9d2N4K,2,$40-$60
XeO52V,2,$40-$60
EP8qA2,1,$60-$80
EP8zro,Less than 1,<$20
AlWPgo,2,$20-$40
AlWrjN,3,>$100
aBZOvy,2,$20-$40
xd9xzr,1,$20-$40
VZopvE,1,$20-$40
eB9ZWo,Less than 1,<$20
24Ojye,Less than 1,$20-$40
8djNDz,1,$20-$40
eB95oJ,2,$20-$40
J281Po,1,
Rz8Wyj,3,$40-$60
PA8RQB,2,$60-$80
blN5jL,2,$20-$40
5dEXJ6,2,$20-$40
xd9x8J,2,$20-$40
vNqX5D,2,$80-$100
XeO56Y,1,$40-$60
xd9Vbv,Less than 1,<$20
pL4eYB,1,$20-$40
NA8qGQ,3,$60-$80
0EoV9y,Less than 1,<$20
J281Nd,Less than 1,<$20
DV0q8R,1,<$20
QA8oy1,2,$40-$60
6drDoB,1,$20-$40
VZopRa,More than 4,$40-$60
aBZ95W,Less than 1,$20-$40
9d2GA1,3,$40-$60
GrY6x2,2,$20-$40
g5WaaK,3,$20-$40
BG8EjA,4,$40-$60
aBZ9GX,1,$20-$40
aBZOMB,1,$40-$60
AlWzdy,3,
jBGZ74,2,$20-$40
rl2Djp,More than 4,$60-$80
zKWjyE,1,$40-$60
9d2BvV,3,$80-$100
KM8za7,1,
GrY6re,2,$20-$40
OA8aLg,2,>$100
NA8rA0,Less than 1,<$20
5dEbDb,3,$40-$60
jBGZBQ,Less than 1,<$20
GrY6JZ,3,$80-$100
yleXOB,2,$40-$60
OA8akK,2,$20-$40
jBGZvR,1,$40-$60
GrY6Xp,3,$40-$60
zKWjd1,1,<$20
Ld59k1,3,$60-$80
MA81dX,More than 4,$80-$100
J28qao,2,
5dEbNZ,2,$40-$60
VZoGry,2,
6drDqP,1,<$20
1rGXe1,2,$80-$100
PA8pVV,4,<$20
AlWKzk,2,
lNVBok,2,$60-$80
PA8pVe,2,<$20
zKWNxa,3,$40-$60
0Eo7O0,1,$40-$60
9d2XD4,2,
VZojZl,2,$40-$60
NA8DVN,2,$20-$40
7d4bx9,2,$20-$40
qbjab8,1,$20-$40
jBGby9,Less than 1,$20-$40
zKWNKE,1,$20-$40
Ld5zz1,4,$60-$80
XeOrQg,Less than 1,
dYQN8K,2,$80-$100
rl2Bgl,2,$20-$40
5dE4eE,2,$40-$60
QA8Mk7,2,$40-$60
g5WD6d,1,$20-$40
jBGaVR,2,$80-$100
Rz8dZK,Less than 1,<$20
42PBdO,1,$20-$40
GrYxZ2,1,$20-$40
GrYKgp,1,$20-$40
NA8Ddl,1,$40-$60
DV0Kbq,3,>$100
oAlDkx,2,$40-$60
kYOb9r,1,$80-$100
OA8lg7,1,$20-$40
VZoGJ6,Less than 1,$60-$80
VZojqJ,1,$40-$60
42PQRd,1,<$20
qbja4Y,2,$40-$60
Rz8KWd,1,$40-$60
VZoL46,More than 4,$60-$80
WAl9ee,2,$20-$40
PA8Dq0,1,<$20
YZVR8v,,
5dE4Ab,3,$20-$40
oAlD8M,Less than 1,<$20
1rGk8b,3,$60-$80
rl2BZL,1,$20-$40
vNqer0,1,
PA815b,4,$20-$40
WAlEEN,2,$40-$60
kYOe7j,2,
pL4y0y,,
NA8lDl,2,$20-$40
qbjDWk,1,$20-$40
XeOJMV,2,$20-$40
1rGdKM,1,$40-$60
WAlrbP,2,$40-$60
7d4L12,1,$20-$40
J28p8z,More than 4,$20-$40
pL4y4y,3,$20-$40
oAle1P,Less than 1,
DV0kER,2,$40-$60
AlW2vk,2,$80-$100
MA8N0g,2,
EP8dVX,1,$20-$40
oAleL1,3,$60-$80
9d2ZNX,,
NA8l2Q,4,$40-$60
8djaYO,1,$40-$60
6drjXo,3,$20-$40
PA81MP,2,$80-$100
EP8d7o,1,$60-$80
1rGdqL,2,$40-$60
xd9Dxk,2,$20-$40
BG8pae,3,$60-$80
pL4y8E,2,$80-$100
24OABe,1,>$100
rl2Bzo,3,
ZdPO2B,2,$20-$40
kYOGdZ,2,$40-$60
zKWy91,2,
eB9rLO,2,$20-$40
9d2Z6G,2,
pL4or1,2,$40-$60
dYQ0DA,1,<$20
1rG4xb,2,
5dE9EP,4,$20-$40
9d2ZjQ,,
24OALV,2,
pL4o2J,,
8djLyl,4,$40-$60
0Eo859,2,$60-$80
9d2Zp1,1,$20-$40
oAlRqe,2,$20-$40
6drK0J,1,$60-$80
lNVO4V,2,$20-$40
AlWp9o,4,$20-$40
EP8lO4,1,$40-$60
g5Wqll,2,$20-$40
8djL45,1,$20-$40
VZoPrv,2,
rl2oD5,1,$40-$60
XeO40z,4,>$100
oAl26X,Less than 1,$60-$80
DV07Bp,Less than 1,
NA87DN,2,$80-$100
MA8Ezl,1,$40-$60
5dE9DN,1,$20-$40
jBGlx4,2,$20-$40
blNWNg,3,
GrYRLk,2,$40-$60
GrYR0k,1,$40-$60
MA8EAk,2,
OA8787,2,$40-$60
24OKL9,2,$20-$40
pL4D9E,2,
VZozlM,1,<$20
vNqPqv,1,$20-$40
kYONrJ,2,$40-$60
aBZ2lE,2,$60-$80
BG8xbQ,Less than 1,$20-$40
AlWB5N,4,$40-$60
DV076l,2,
Rz8D9K,2,$20-$40
jBGl1a,2,$40-$60
AlWB1D,2,$60-$80
24OK29,2,$20-$40
24OPPA,1,
g5WGdN,Less than 1,<$20
7d4xXA,2,$20-$40
ZdPaNA,Less than 1,$20-$40
ZdPadA,3,<$20
eB9R6J,2,$60-$80
VZoJ4g,2,$80-$100
ZdPaGe,1,<$20
zKWYR1,3,$40-$60
1rGV6p,1,$20-$40
BG87r1,1,<$20
PA8OJ0,2,$20-$40
QA8V6X,More than 4,$60-$80
WAlzbQ,2,$40-$60
vNqyev,1,$40-$60
aBZY5v,2,$40-$60
8djQeY,2,$40-$60
9d2D11,1,<$20
PA8595,2,$20-$40
XeOWRe,2,$60-$80
qbjAN9,1,
42PxP5,2,$40-$60
oAlMgx,1,$20-$40
lNVdxp,Less than 1,
6dr2Be,Less than 1,$20-$40
42PxMB,2,$20-$40
0Eo6NQ,1,
zKWDg0,1,$20-$40
6dr2lO,Less than 1,<$20
EP8WgN,2,$20-$40
Ld5WAz,Less than 1,<$20
MA8bXl,Less than 1,
jBGQK9,1,$20-$40
7d4Ng6,Less than 1,<$20
NA86q0,1,$40-$60
Rz80oj,More than 4,
GrYz6e,1,
rl2AgR,1,$20-$40
NA86AB,3,$40-$60
24Oeej,2,$20-$40
DV0Nvb,2,
zKWD61,3,$20-$40
Ld5b5O,2,$60-$80
24OerL,1,$40-$60
QA8DA8,3,$60-$80
Rz80VP,1,$20-$40
AlWd4N,1,$20-$40
8djKEr,2,$60-$80
24OeoM,Less than 1,<$20
yle6oW,1,$60-$80
NA8oKO,2,$80-$100
5dEzOQ,3,$80-$100
0Eox59,2,$60-$80
Rz80kv,2,$40-$60
7d4WYR,1,$40-$60
oAlyxN,2,$40-$60
OA8zZg,3,$60-$80
1rGlOb,2,$20-$40
OA8zpp,,
GrYz2j,2,$60-$80
PA8Add,2,$40-$60
dYQ6Jo,1,$20-$40
aBZBNE,2,$60-$80
jBGB6Y,1,$40-$60
ylelXW,2,$40-$60
AlWdeD,Less than 1,<$20
VZoZYg,2,
ylelvg,3,$80-$100
VZoZvv,Less than 1,<$20
qbjbj7,1,<$20
Rz8zrp,Less than 1,<$20
oAlALb,2,$20-$40
ylelyX,1,$60-$80
42P20r,3,$40-$60
1rGVNl,2,$20-$40
ylelbd,1,$20-$40
YZVORq,4,$40-$60
24OkKb,2,>$100
ZdPV6A,4,
jBGM04,2,
0EoMMA,2,
dYQAjr,3,$40-$60
YZVOYN,1,$80-$100
rl2Kql,Less than 1,
DV010Z,1,$60-$80
KM8oBX,4,$80-$100
g5WA1N,4,$20-$40
8djkWx,1,$40-$60
GrY142,Less than 1,$20-$40
Ld5GRl,2,$80-$100
PA8Exx,3,$40-$60
7d4ZRR,2,$20-$40
xd9ZYo,Less than 1,
GrY1GO,,
0EoPBN,2,$20-$40
eB9EEo,1,$40-$60
24OrLb,Less than 1,<$20
YZVdVv,Less than 1,<$20
PA80Pe,3,
J280BR,2,$40-$60
oAlO1e,2,$40-$60
zKWe98,1,
xd9Z7o,3,>$100
yleDb4,1,$40-$60
7d4NML,2,$40-$60
24Or0b,1,
QA80QA,1,$40-$60
KM80XK,1,$40-$60
8djGNl,2,$20-$40
oAlOxx,More than 4,$20-$40
oAloDO,Less than 1,<$20
OA80vA,2,$20-$40
Rz8L7Q,3,$60-$80
0EoLb0,3,$60-$80
GrYLqQ,2,$20-$40
KM8Lgg,2,
zKWJ7k,2,$40-$60
dYQjYd,2,$60-$80
AlWDde,1,$20-$40
WAlYYN,Less than 1,<$20
5dEvMP,2,$40-$60
YZVYvz,2,
dYQjpN,4,$40-$60
EP8Dr2,1,<$20
NA8Y1O,Less than 1,
OA8Yxa,1,<$20
42PveX,2,
eB92Gx,2,$40-$60
GrYDNp,1,$40-$60
oAldrV,2,
NA8Yvp,1,$40-$60
kYOWV1,3,$40-$60
qbjKvY,Less than 1,$20-$40
DV0JEj,3,>$100
pL472P,3,$20-$40
yleEB8,1,$20-$40
42PoWY,1,$20-$40
0Eo8pZ,2,$40-$60
NA805j,1,$20-$40
jBG96E,2,
zKWQja,2,$20-$40
42PN8B,3,$40-$60
42PN2B,2,$20-$40
GrYBJQ,1,$20-$40
WAlpBj,,
VZo1bM,1,>$100
EP8bar,2,$20-$40
8djpW5,2,$20-$40
kYORko,2,$40-$60
VZo1BJ,2,$80-$100
J28kGo,1,$20-$40
vNqxbv,2,$40-$60
vNqxp0,1,$20-$40
AlWbko,4,$80-$100
0EojW0,2,>$100
VZo1el,1,$80-$100
lNVlPX,2,$40-$60
Ld5MLO,Less than 1,$20-$40
aBZjQZ,3,
XeOBKz,3,$40-$60
xd90dy,1,$40-$60
jBG0la,2,$40-$60
vNq0Xl,Less than 1,<$20
XeORJY,2,$40-$60
6dr1OO,2,$80-$100
GrYoqQ,3,$40-$60
VZo946,1,$20-$40
1rGbOg,1,$20-$40
AlW6Nz,1,$60-$80
eB9Nlk,2,$40-$60
Rz8Z7p,2,
PA82QV,1,$40-$60
VZo91E,2,$20-$40
J288qz,1,$40-$60
Rz88xv,Less than 1,$20-$40
24OOAe,Less than 1,$20-$40
6drrRk,1,
xd99Ny,3,$40-$60
J288B7,3,
DV00VZ,1,$40-$60
MA88WM,1,
vNqq14,2,$40-$60
xd99Gr,2,$40-$60
7d4JOR,1,$20-$40
5dE89b,2,$40-$60
VZovVj,Less than 1,<$20
oAlKke,2,
42PAoA,1,$40-$60
YZVpBz,1,<$20
WAlD0e,1,$20-$40
aBZAYE,2,$40-$60
5dEeb6,2,$80-$100
aBZK8b,1,$80-$100
7d4aDz,2,$20-$40
xd9R4v,1,
zKWGyq,2,<$20
aBZAD2,3,>$100
BG8jLe,1,$40-$60
6drWyB,Less than 1,$20-$40
NA8Mj0,More than 4,$20-$40
GrYq4p,1,$20-$40
aBZAWW,3,$60-$80
jBGkaJ,Less than 1,<$20
8djRol,Less than 1,$20-$40
g5WkQK,2,$60-$80
vNqdzg,1,$20-$40
PA8GWe,2,$40-$60
zKWLyk,2,$60-$80
eB9v7O,2,$20-$40
YZVkOB,2,$20-$40
blNvR1,2,$20-$40
lNVvz6,2,$20-$40
QA8kPp,1,$20-$40
0EoaXN,2,$60-$80
9d24ZK,1,$20-$40
24O70L,Less than 1,<$20
lNVv5V,1,<$20
BG8eRe,2,$20-$40
Ld5oZj,3,
KM8R9z,1,$40-$60
ylegqW,1,
jBGgEQ,1,$60-$80
7d4jzR,2,$80-$100
NA8gMW,2,
0EolEy,2,$40-$60
vNqpVl,,
rl2pWX,2,
24OZrj,2,$20-$40
24OZ99,2,
GrYyvj,1,
aBZo4W,4,
GrYyv2,1,$40-$60
oAlpr1,1,$40-$60
blNyVg,2,$20-$40
kYOQN1,1,
DV0Py5,1,>$100
KM8Nkg,Less than 1,
MA82rp,2,$40-$60
KM8718,2,$60-$80
DVABNq,2,$40-$60
PAvpP1,2,
aBK9lZ,3,$80-$100
7d1qYZ,2,>$100
aBK5GX,1,$40-$60
241AGA,1,$20-$40
oAK2l5,,
eBKaMk,2,$20-$40
g5Y9XO,3,
AlAB5z,2,$40-$60
oAKGpN,Less than 1,
zK2YQq,1,<$20
dYKdod,2,$20-$40
7d1xrR,2,$40-$60
aBKYRX,2,$40-$60
oAKMjb,2,$40-$60
kYKybM,3,
WADNek,,
NAM6Yp,More than 4,
jB5yQ9,2,$20-$40
yljly0,More than 4,
oAKBJe,3,$20-$40
eBKAGk,3,$60-$80
KMv6KK,3,$40-$60
vNE2Zl,2,
KMvLNM,2,$60-$80
lNKWjB,2,$40-$60
PAvXE5,2,
9dpvKG,1,$20-$40
0E1vgN,2,$60-$80
OAdJzR,1,$20-$40
pLRWYb,1,$20-$40
5d8GLd,1,<$20
1rDJYl,2,
241vE9,3,$20-$40
rlGraX,1,$40-$60
KMvJZX,1,$20-$40
BGADYN,2,$80-$100
g5YNYd,1,$40-$60
YZpzy0,2,$80-$100
OAdBMa,2,$40-$60
dYK2oV,1,$40-$60
vNE0Dd,2,
J2XkXd,2,$60-$80
vNE0Y8,2,$20-$40
DVAXPb,1,$40-$60
EPv8WN,2,$40-$60
YZpVlq,2,$40-$60
jB5MEY,2,$40-$60
42AA2k,3,$60-$80
DVAAYl,1,
g5YW51,1,$20-$40
WADM8v,2,$20-$40
NAMbXp,,
1rDDZO,1,$40-$60
qboJdg,2,$20-$40
0E11K6,1,$20-$40
pLRJ9y,2,$60-$80
QAvzjk,2,$20-$40
EPvZjN,3,$20-$40
xd4RKr,4,$60-$80
42Ap4O,1,$40-$60
0E1D5Z,2,<$20
g5YkOd,3,$20-$40
ZdvD8z,2,$60-$80
lNKMov,2,$40-$60
rlGJKR,2,$40-$60
RzvkQl,2,$40-$60
241oZD,2,$40-$60
aBKzLq,3,
Xe1QPj,4,$20-$40
GrX79O,4,
DVAW05,2,
MAvG7g,1,<$20
QAv458,1,$20-$40
KMvO2z,2,$20-$40
8dAEWk,2,$40-$60
VZvdYN,1,<$20
BGADV5,2,$60-$80
yljg5d,4,$40-$60
pLR9Z1,2,$20-$40
pLR1jb,1,$40-$60
g5YxdK,2,$40-$60
7d1ge9,2,$20-$40
oAKaVP,4,<$20
ZdvLxe,1,$20-$40
lNK9jV,1,<$20
PAvLGe,2,
Xe1dzY,2,$60-$80
6dAGGe,2,
7d1YLZ,1,
vNEaD0,2,
pLRNKb,1,<$20
zK2AN0,1,$20-$40
LdvjJ2,2,>$100
DVAoQj,2,$40-$60
xd4bKy,2,$20-$40
blKRbo,4,$60-$80
xd48r9,2,$40-$60
9dp0bY,1,$20-$40
Rzvqrp,Less than 1,<$20
GrXOqp,2,$20-$40
0E1qKB,1,$20-$40
GrXOXp,2,
7d1rKL,1,$20-$40
Zdvr9y,1,$20-$40
vNE5Og,2,$40-$60
8dA45x,Less than 1,<$20
Xe1PKP,2,$20-$40
g5Y6KP,3,$80-$100
pLR20y,1,$20-$40
RzvqeQ,1,$40-$60
8dABok,3,
8dAB1r,1,$20-$40
OAd2ZY,1,$20-$40
kYK2lj,1,$20-$40
RzvADQ,2,$60-$80
9dp82p,2,$60-$80
NAMaMQ,Less than 1,
pLRElV,Less than 1,$20-$40
241pJj,2,$60-$80
jB5KdJ,2,$60-$80
eBKxvq,2,$40-$60
dYKPVN,3,$60-$80
GrYYvz,1,$80-$100
jB5Ne4,2,$40-$60
5d8Rbo,2,$40-$60
7d1GbZ,2,$40-$60
OAdOL8,1,$20-$40
blK0G0,4,$80-$100
xd4kxy,3,$20-$40
g5YRyl,2,$20-$40
Xe1KVj,2,$20-$40
VZvREv,2,$20-$40
zK2p0M,1,$60-$80
J2XaDr,2,$80-$100
pLRj4B,3,$20-$40
yljKbW,2,
VZvRWl,1,$60-$80
blY5eZ,2,$40-$60
Al47oW,1,
lNYaNN,3,$40-$60
WAKOvP,Less than 1,<$20
8d6Nxl,2,$40-$60
jBJeBJ,1,
QAz1z7,1,$20-$40
lNYBPN,2,
PAbpo1,1,$20-$40
1rNdW1,2,
oA5EQ1,1,$20-$40
KMW55V,2,$20-$40
Zd1Eao,1,$20-$40
VZbQlv,4,$80-$100
rlJOM2,1,$20-$40
8d6ZNA,,
NAbX0l,1,$40-$60
DVxplq,1,$20-$40
Xe84rd,2,
blYW2Z,1,$20-$40
NAb78l,2,
oA5285,2,
eB0aEx,Less than 1,<$20
vNJP54,2,$20-$40
RzbPjj,2,$60-$80
oA5GOM,1,$20-$40
Al4vRB,3,$80-$100
9dRQYG,2,$40-$60
24lNeL,1,$40-$60
9dRDjY,1,$20-$40
NAb6Pb,3,$60-$80
dY86Dq,2,$20-$40
vNJA6l,3,$60-$80
OAbzv7,1,$40-$60
eB0BZq,2,$20-$40
BGjXPN,Less than 1,<$20
9dRdbV,3,$40-$60
DVx1aR,1,$20-$40
J2eDgY,Less than 1,<$20
GrqJeo,,
Xe8YXY,1,$60-$80
VZbMby,2,$60-$80
RzbJ9v,1,$20-$40
VZb1Wv,1,$60-$80
qbJoAk,,
xdR4ro,1,$20-$40
PAbvbe,1,$20-$40
rlJGpv,1,$20-$40
VZbv6N,Less than 1,<$20
24l1RL,1,$20-$40
OAbV78,3,$80-$100
xdRgQy,1,
5de0vv,1,
g5JybJ,1,$20-$40
42p4kd,4,$20-$40
42paed,2,<$20
eB0ezx,2,$40-$60
Ld69rj,1,$40-$60
aBaYav,1,$20-$40
DVZNMN,1,<$20
eBYArx,2,$20-$40
AljJve,2,>$100
J2WRlr,More than 4,$40-$60
7dpxRz,3,$40-$60
PAGExV,1,$20-$40
PAG05P,Less than 1,<$20
8dRe5Y,1,>$100
RzVLkd,2,$40-$60
Xe2EGV,2,>$100
42pjyB,4,$40-$60
1rpMZg,1,
GrQL1z,2,$60-$80
qbkKrG,2,$60-$80
rlkdNv,1,$20-$40
OAoB5M,Less than 1,
bl62ee,1,$40-$60
GrQYrj,2,$40-$60
bl6Nr2,1,$20-$40
YZxV75,1,
8dRAxz,1,$40-$60
BG2jrR,,
BG2j71,,
lNMvqk,Less than 1,<$20
5dpOVM,2,
jBkEvR,1,$40-$60
ZdZWkv,1,$20-$40
dYkpxA,3,$40-$60
0EDlP0,1,$20-$40
42pdPB,1,$20-$40
zK1oKM,2,$20-$40
24Dylp,1,<$20
QAOaNl,2,$40-$60
KMaZGk,More than 4,$20-$40
24DYOb,2,$20-$40
24DYpV,3,
KMa2YK,2,$20-$40
dYkJoN,3,$60-$80
Ld6L9j,2,
blYxP2,2,$40-$60
KMaj18,3,
24DOYj,2,$20-$40
dYkydo,1,$40-$60
Ld68Ay,,
RzVOOv,2,$20-$40
yldOGB,3,$80-$100
oAkX95,More than 4,$40-$60
Ld6lQ2,More than 4,$20-$40
oAkXAP,2,
aBa8l9,1,$20-$40
qbkxdk,2,<$20
lNMoMv,2,$40-$60
J2Wa7X,1,$40-$60
J2M1ko,,
7dMLqa,1,$40-$60
42zJob,2,
MAMNrY,2,$20-$40
eBvrAl,2,
BG0pZK,1,$20-$40
VZDzDg,2,$40-$60
ZdDdjy,2,
pLvp8J,,
J2M4vz,2,$40-$60
lNvxGB,1,$40-$60
jBv18R,1,$20-$40
42zgZb,3,$60-$80
BG0OK1,2,$20-$40
24o8aA,,
kYzalJ,2,$40-$60
42OQ7r,4,$80-$100
NAPD6p,1,$40-$60
zKdykZ,2,$60-$80
RzjoPd,2,$20-$40
jBzo99,1,
Grb9O2,1,$20-$40
g5z9gM,2,$20-$40
OAE5V7,1,$20-$40
5dVzNP,2,$40-$60
DVaVJ5,Less than 1,$20-$40
7dEobZ,3,$40-$60
9d4vR4,2,
vNzL7d,Less than 1,$20-$40
GrbJYp,1,<$20
Al96kN,2,$40-$60
MAV78l,More than 4,
Al9jbl,2,$20-$40
24oDgL,1,<$20
blzzoL,2,$40-$60
VZNxYM,1,
DVaWjl,2,$60-$80
KMGOe7,Less than 1,$40-$60
blzgY1,1,$40-$60
KMGOjK,Less than 1,>$100
LdOgG1,1,$40-$60
yl1GZ8,1,$20-$40
Zdegkz,2,$40-$60
BGe5v5,2,$40-$60
eBz8bE,Less than 1,$20-$40
xdz8yk,1,$20-$40
oAzL9x,,
0EkEeB,2,$40-$60
QA4GOY,1,$40-$60
9d4eBQ,2,<$20
rlYNrp,Less than 1,<$20
rlqy52,1,
qbN5N7,,
AlQKkB,3,
8dEazr,3,$60-$80
DVWzjb,Less than 1,$20-$40
oAxM95,4,$40-$60
lN4RDV,Less than 1,
jBEq21,2,$80-$100
QAEpMA,More than 4,$20-$40
xd67ZE,1,$20-$40
WAZarR,,
OAVNZK,1,$20-$40
jBEVgx,1,$20-$40
aBlMgq,2,$20-$40
oAxPWX,2,$40-$60
qbN99Y,1,$20-$40
Ldo8Pz,3,$40-$60
0EAKN6,Less than 1,<$20
J2BN4o,1,$20-$40
9dxN61,2,
xdgr4o,3,$20-$40
LdVpav,3,$20-$40
BG67VA,2,<$20
Xe90az,More than 4,>$100
1rO7Wp,1,$20-$40
dYzkGz,1,
kYgAej,2,$80-$100
1rOvvQ,3,$40-$60
1rOvMQ,1,$20-$40
Rz2JQv,3,$40-$60
ZdWzBV,1,$40-$60
24VxvM,Less than 1,
pL54N8,Less than 1,$80-$100
QAjOAg,2,<$20
42EpEY,More than 4,
PA44VP,2,$20-$40
vNgpPD,2,$20-$40
g5ggRM,1,$40-$60
rlgbDN,2,$20-$40
0EGYe9,1,$20-$40
